Datum,Wind_direct,Wind_speed,Max_temp
2005-01-01,220,65,68
2005-01-02,278,120,64
2005-01-03,260,88,78
2005-01-04,233,100,85
2005-01-05,225,62,59
2005-01-06,244,72,80
2005-01-07,226,136,116
2005-01-08,234,124,89
2005-01-09,218,82,82
2005-01-10,212,93,111
2005-01-11,211,75,99
2005-01-12,241,83,83
2005-01-13,279,74,61
2005-01-14,198,18,35
2005-01-15,150,41,5
2005-01-16,179,41,14
2005-01-17,203,84,68
2005-01-18,254,52,50
2005-01-19,263,67,58
2005-01-20,262,119,94
2005-01-21,299,104,60
2005-01-22,315,44,45
2005-01-23,331,53,20
2005-01-24,2,41,8
2005-01-25,31,41,2
2005-01-26,31,32,2
2005-01-27,213,9,21
2005-01-28,113,7,29
2005-01-29,195,7,20
2005-01-30,306,42,63
2005-01-31,299,63,66
2005-02-01,338,52,51
2005-02-02,320,67,66
2005-02-03,335,29,65
2005-02-04,185,22,51
2005-02-05,146,51,26
2005-02-06,137,41,29
2005-02-07,97,25,2
2005-02-08,140,24,4
2005-02-09,215,54,56
2005-02-10,241,86,76
2005-02-11,225,13,65
2005-02-12,268,101,78
2005-02-13,313,84,41
2005-02-14,336,77,39
2005-02-15,23,64,19
2005-02-16,37,46,7
2005-02-17,193,17,11
2005-02-18,218,45,26
2005-02-19,318,50,34
2005-02-20,354,42,26
2005-02-21,61,47,19
2005-02-22,49,83,9
2005-02-23,42,46,2
2005-02-24,108,24,1
2005-02-25,51,24,7
2005-02-26,22,43,16
2005-02-27,45,63,-17
2005-02-28,228,36,-21
2005-03-01,205,84,-5
2005-03-02,161,29,-7
2005-03-03,43,62,-30
2005-03-04,177,41,-61
2005-03-05,74,37,-20
2005-03-06,346,42,-7
2005-03-07,324,54,40
2005-03-08,321,65,51
2005-03-09,328,47,49
2005-03-10,23,3-2
-2005-03-11,264,89,48
2005-03-12,290,92,37
2005-03-13,263,54,44
2005-03-14,226,40,40
2005-03-15,212,71,81
2005-03-16,227,88,133
2005-03-17,102,-10-1
2005-03-18,251,63,85
2005-03-19,40,14,88
2005-03-20,76,37,74
2005-03-21,108,59,102
2005-03-22,168,43,121
2005-03-23,204,18,118
2005-03-24,159,24,124
2005-03-25,253,28,94
2005-03-26,61,27,103
2005-03-27,75,34,115
2005-03-28,256,12,95
2005-03-29,67,27,96
2005-03-30,80,53,115
2005-03-31,80,37,111
2005-04-01,119,28,112
2005-04-02,118,42,118
2005-04-03,159,25,143
2005-04-04,230,35,117
2005-04-05,245,53,83
2005-04-06,203,72,87
2005-04-07,235,99,87
2005-04-08,325,59,63
2005-04-09,305,52,48
2005-04-10,282,43,79
2005-04-11,272,27,101
2005-04-12,247,28,104
2005-04-13,222,41,101
2005-04-14,179,43,120
2005-04-15,200,20,102
2005-04-16,348,42,76
2005-04-17,347,15,107
2005-04-18,199,32,101
2005-04-19,320,22,89
2005-04-20,65,39,88
2005-04-21,66,29,86
2005-04-22,65,23,93
2005-04-23,59,34,115
2005-04-24,72,36,131
2005-04-25,64,52,124
2005-04-26,160,22,110
2005-04-27,247,61,110
2005-04-28,176,44,133
2005-04-29,263,21,134
2005-04-30,179,13,148
2005-05-01,137,22,195
2005-05-02,309,17,144
2005-05-03,28,1-35-
2005-05-04,321,34,106
2005-05-05,272,44,93
2005-05-06,280,65,104
2005-05-07,294,53,88
2005-05-08,285,57,84
2005-05-09,302,64,82
2005-05-10,317,49,84
2005-05-11,354,37,87
2005-05-12,56,47,99
2005-05-13,51,73,117
2005-05-14,17,59,109
2005-05-15,320,50,109
2005-05-16,312,22,97
2005-05-17,333,35,76
2005-05-18,266,18,98
2005-05-19,173,56,141
2005-05-20,200,50,160
2005-05-21,223,36,149
2005-05-22,205,49,147
2005-05-23,232,60,134
2005-05-24,210,59,135
2005-05-25,222,46,171
2005-05-26,214,37,204
2005-05-27,142,35,234
2005-05-28,238,67,192
2005-05-29,320,20,140
2005-05-30,321,21,109
2005-05-31,291,34,119
2005-06-01,200,22,139
2005-06-02,235,54,154
2005-06-03,205,14,164
2005-06-04,251,90,142
2005-06-05,274,56,138
2005-06-06,347,47,116
2005-06-07,344,45,107
2005-06-08,13,26,122
2005-06-09,321,22,139
2005-06-10,341,33,130
2005-06-11,318,46,116
2005-06-12,253,36,122
2005-06-13,251,45,126
2005-06-14,233,38,147
2005-06-15,192,45,165
2005-06-16,226,66,172
2005-06-17,267,50,185
2005-06-18,63,33,198
2005-06-19,119,33,236
2005-06-20,179,10,249
2005-06-21,310,35,194
2005-06-22,308,14,203
2005-06-23,134,24,241
2005-06-24,319,19,261
2005-06-25,13,50,181
2005-06-26,39,35,171
2005-06-27,53,30,175
2005-06-28,58,40,186
2005-06-29,77,25,191
2005-06-30,232,30,177
2005-07-01,253,41,168
2005-07-02,208,22,182
2005-07-03,265,17,191
2005-07-04,227,35,166
2005-07-05,216,34,155
2005-07-06,210,28,153
2005-07-07,320,15,154
2005-07-08,341,11,156
2005-07-09,35,24,173
2005-07-10,20,43,219
2005-07-11,18,47,200
2005-07-12,21,39,199
2005-07-13,350,21,189
2005-07-14,243,8,216
2005-07-15,279,28,194
2005-07-16,340,23,173
2005-07-17,282,18,180
2005-07-18,210,34,205
2005-07-19,255,70,181
2005-07-20,277,79,168
2005-07-21,291,70,155
2005-07-22,307,55,148
2005-07-23,290,35,147
2005-07-24,124,12,170
2005-07-25,246,18,168
2005-07-26,311,21,154
2005-07-27,67,24,168
2005-07-28,99,14,211
2005-07-29,275,16,213
2005-07-30,54,1-76-
2005-07-31,263,53,150
2005-08-01,316,34,155
2005-08-02,345,13,157
2005-08-03,267,33,163
2005-08-04,270,44,170
2005-08-05,232,28,149
2005-08-06,293,36,138
2005-08-07,312,54,141
2005-08-08,317,52,153
2005-08-09,296,50,146
2005-08-10,300,54,155
2005-08-11,312,28,161
2005-08-12,14,17,142
2005-08-13,210,39,159
2005-08-14,306,52,161
2005-08-15,344,36,150
2005-08-16,2,7,157
2005-08-17,85,24,178
2005-08-18,96,26,205
2005-08-19,214,23,189
2005-08-20,346,20,176
2005-08-21,305,19,172
2005-08-22,302,15,173
2005-08-23,332,28,156
2005-08-24,204,60,157
2005-08-25,230,52,154
2005-08-26,242,52,144
2005-08-27,228,35,162
2005-08-28,217,37,175
2005-08-29,236,30,181
2005-08-30,73,28,193
2005-08-31,121,42,225
2005-09-01,216,36,197
2005-09-02,273,4,192
2005-09-03,77,43,185
2005-09-04,95,39,193
2005-09-05,122,36,206
2005-09-06,178,15,200
2005-09-07,228,28,195
2005-09-08,225,13,202
2005-09-09,69,20,208
2005-09-10,80,17,207
2005-09-11,31,30,186
2005-09-12,17,43,172
2005-09-13,233,11,160
2005-09-14,253,50,171
2005-09-15,360,7,150
2005-09-16,1,60,126
2005-09-17,341,21,114
2005-09-18,219,17,129
2005-09-19,130,5,134
2005-09-20,274,6,137
2005-09-21,74,12,142
2005-09-22,133,21,149
2005-09-23,181,27,162
2005-09-24,344,15,155
2005-09-25,194,39,159
2005-09-26,216,47,155
2005-09-27,198,55,149
2005-09-28,235,46,136
2005-09-29,275,49,127
2005-09-30,192,58,128
2005-10-01,253,42,139
2005-10-02,348,15,118
2005-10-03,18,19,118
2005-10-04,44,48,128
2005-10-05,54,41,141
2005-10-06,66,24,131
2005-10-07,92,17,136
2005-10-08,172,38,143
2005-10-09,153,7,139
2005-10-10,139,43,160
2005-10-11,138,47,152
2005-10-12,143,47,153
2005-10-13,141,20,154
2005-10-14,32,22,154
2005-10-15,71,38,137
2005-10-16,87,49,115
2005-10-17,98,56,93
2005-10-18,101,64,97
2005-10-19,138,55,104
2005-10-20,197,58,122
2005-10-21,176,47,120
2005-10-22,213,65,130
2005-10-23,214,12,112
2005-10-24,198,65,133
2005-10-25,219,97,148
2005-10-26,230,53,150
2005-10-27,148,49,159
2005-10-28,157,49,160
2005-10-29,155,33,161
2005-10-30,149,54,166
2005-10-31,163,40,155
2005-11-01,201,59,122
2005-11-02,167,66,127
2005-11-03,196,85,156
2005-11-04,211,49,122
2005-11-05,215,51,95
2005-11-06,184,72,114
2005-11-07,198,50,114
2005-11-08,160,61,122
2005-11-09,212,18,89
2005-11-10,208,65,94
2005-11-11,200,81,125
2005-11-12,194,48,94
2005-11-13,334,8,84
2005-11-14,219,30,62
2005-11-15,269,29,94
2005-11-16,319,41,65
2005-11-17,313,17,53
2005-11-18,314,15,36
2005-11-19,250,10,44
2005-11-20,263,19,59
2005-11-21,30,19,70
2005-11-22,93,12,34
2005-11-23,190,19,46
2005-11-24,228,51,55
2005-11-25,283,85,36
2005-11-26,5,12,24
2005-11-27,19,20,17
2005-11-28,194,22,19
2005-11-29,221,25,25
2005-11-30,194,47,27
2005-12-01,157,66,17
2005-12-02,136,76,35
2005-12-03,164,74,71
2005-12-04,194,32,73
2005-12-05,224,37,65
2005-12-06,211,31,58
2005-12-07,265,37,68
2005-12-08,66,19,40
2005-12-09,122,8,8
2005-12-10,182,26,7
2005-12-11,207,44,49
2005-12-12,4,31,74
2005-12-13,309,26,72
2005-12-14,316,35,71
2005-12-15,285,71,84
2005-12-16,308,94,68
2005-12-17,331,61,26
2005-12-18,252,29,25
2005-12-19,256,31,53
2005-12-20,255,36,62
2005-12-21,220,45,64
2005-12-22,270,40,78
2005-12-23,254,54,89
2005-12-24,285,39,70
2005-12-25,344,30,49
2005-12-26,6,34,24
2005-12-27,59,61,-5
2005-12-28,39,43,-14
2005-12-29,220,17,-24
2005-12-30,163,72,-13
2005-12-31,202,54,37
2006-01-01,177,17,37
2006-01-02,359,12,28
2006-01-03,179,26,8
2006-01-04,79,36,20
2006-01-05,76,55,8
2006-01-06,77,42,18
2006-01-07,86,38,18
2006-01-08,79,40,18
2006-01-09,116,25,-2
2006-01-10,196,60,28
2006-01-11,209,67,39
2006-01-12,161,33,10
2006-01-13,142,48,18
2006-01-14,151,48,15
2006-01-15,144,38,-8
2006-01-16,155,57,11
2006-01-17,228,33,55
2006-01-18,299,28,38
2006-01-19,193,38,57
2006-01-20,75,7-7
-2006-01-21,316,59,61
2006-01-22,66,33,4
2006-01-23,109,41,-24
2006-01-24,143,23,-20
2006-01-25,359,42,18
2006-01-26,35,77,14
2006-01-27,59,49,-8
2006-01-28,51,67,-17
2006-01-29,52,53,11
2006-01-30,45,37,36
2006-01-31,61,37,7
2006-02-01,82,3,-26
2006-02-02,184,2,2
2006-02-03,322,14,30
2006-02-04,18,27,44
2006-02-05,308,12,44
2006-02-06,262,46,53
2006-02-07,262,82,71
2006-02-08,283,86,53
2006-02-09,313,96,36
2006-02-10,341,39,31
2006-02-11,200,18,21
2006-02-12,180,49,12
2006-02-13,157,52,26
2006-02-14,181,51,51
2006-02-15,203,66,68
2006-02-16,213,54,65
2006-02-17,197,57,53
2006-02-18,202,25,51
2006-02-19,71,45,43
2006-02-20,42,84,33
2006-02-21,47,82,31
2006-02-22,67,66,15
2006-02-23,64,30,8
2006-02-24,67,75,12
2006-02-25,54,88,5
2006-02-26,32,45,16
2006-02-27,285,42,30
2006-02-28,288,43,19
2006-03-01,265,70,9
2006-03-02,247,58,12
2006-03-03,197,19,-8
2006-03-04,261,40,1
2006-03-05,284,58,23
2006-03-06,304,60,25
2006-03-07,179,24,29
2006-03-08,160,47,43
2006-03-09,252,18,57
2006-03-10,236,51,51
2006-03-11,24,62,-2
2006-03-12,78,14,-23
2006-03-13,116,38,-12
2006-03-14,119,42,7
2006-03-15,56,55,10
2006-03-16,59,65,15
2006-03-17,60,65,11
2006-03-18,59,62,2
2006-03-19,42,24,23
2006-03-20,28,43,41
2006-03-21,29,47,27
2006-03-22,35,24,10
2006-03-23,107,47,36
2006-03-24,123,53,60
2006-03-25,216,54,104
2006-03-26,232,87,135
2006-03-27,221,86,129
2006-03-28,226,119,99
2006-03-29,245,56,80
2006-03-30,222,91,117
2006-03-31,238,103,112
2006-04-01,227,73,107
2006-04-02,225,79,93
2006-04-03,278,68,70
2006-04-04,314,50,51
2006-04-05,319,40,43
2006-04-06,234,65,66
2006-04-07,244,59,81
2006-04-08,238,71,73
2006-04-09,278,47,62
2006-04-10,353,41,55
2006-04-11,219,68,53
2006-04-12,264,50,79
2006-04-13,251,81,94
2006-04-14,282,47,87
2006-04-15,102,38,91
2006-04-16,285,35,101
2006-04-17,261,55,100
2006-04-18,254,42,97
2006-04-19,223,65,108
2006-04-20,239,31,116
2006-04-21,337,23,129
2006-04-22,320,39,73
2006-04-23,247,17,87
2006-04-24,74,25,121
2006-04-25,242,27,131
2006-04-26,271,23,118
2006-04-27,344,30,104
2006-04-28,332,51,68
2006-04-29,320,53,69
2006-04-30,300,4,69
2006-05-01,171,53,79
2006-05-02,165,33,122
2006-05-03,132,10,160
2006-05-04,100,44,201
2006-05-05,122,8,180
2006-05-06,119,36,177
2006-05-07,106,57,186
2006-05-08,103,40,178
2006-05-09,55,53,187
2006-05-10,45,37,178
2006-05-11,74,24,186
2006-05-12,350,18,173
2006-05-13,296,25,143
2006-05-14,46,30,124
2006-05-15,166,32,152
2006-05-16,268,45,138
2006-05-17,184,29,156
2006-05-18,232,76,158
2006-05-19,229,109,131
2006-05-20,227,80,126
2006-05-21,215,38,131
2006-05-22,204,90,147
2006-05-23,254,58,107
2006-05-24,222,77,108
2006-05-25,248,24,103
2006-05-26,236,34,123
2006-05-27,248,58,138
2006-05-28,282,62,128
2006-05-29,305,54,107
2006-05-30,320,54,89
2006-05-31,334,58,98
2006-06-01,328,56,100
2006-06-02,320,22,116
2006-06-03,294,26,135
2006-06-04,333,35,125
2006-06-05,349,39,118
2006-06-06,329,29,113
2006-06-07,333,9,130
2006-06-08,41,18,165
2006-06-09,52,32,191
2006-06-10,111,33,216
2006-06-11,137,44,237
2006-06-12,139,42,233
2006-06-13,340,7,239
2006-06-14,23,53,157
2006-06-15,338,39,128
2006-06-16,304,28,138
2006-06-17,317,15,172
2006-06-18,181,13,204
2006-06-19,234,49,191
2006-06-20,235,56,176
2006-06-21,219,77,153
2006-06-22,245,76,156
2006-06-23,278,24,161
2006-06-24,33,6,184
2006-06-25,12,34,175
2006-06-26,268,35,156
2006-06-27,297,32,141
2006-06-28,7,29,152
2006-06-29,50,37,169
2006-06-30,52,26,204
2006-07-01,60,38,226
2006-07-02,92,32,241
2006-07-03,86,34,238
2006-07-04,112,15,251
2006-07-05,243,8,234
2006-07-06,253,34,216
2006-07-07,239,42,193
2006-07-08,256,34,195
2006-07-09,220,56,197
2006-07-10,249,28,206
2006-07-11,298,30,190
2006-07-12,47,18,189
2006-07-13,358,35,195
2006-07-14,34,67,175
2006-07-15,57,50,197
2006-07-16,67,40,224
2006-07-17,65,28,238
2006-07-18,48,33,249
2006-07-19,57,32,267
2006-07-20,253,39,248
2006-07-21,290,19,239
2006-07-22,51,16,229
2006-07-23,271,21,220
2006-07-24,4,9,229
2006-07-25,56,38,249
2006-07-26,48,31,258
2006-07-27,284,16,238
2006-07-28,282,16,229
2006-07-29,255,28,214
2006-07-30,223,36,205
2006-07-31,223,50,195
2006-08-01,230,43,180
2006-08-02,265,61,159
2006-08-03,317,26,167
2006-08-04,340,67,185
2006-08-05,341,47,200
2006-08-06,329,37,192
2006-08-07,339,34,187
2006-08-08,335,38,167
2006-08-09,273,31,158
2006-08-10,278,37,146
2006-08-11,270,14,137
2006-08-12,243,7,144
2006-08-13,45,28,161
2006-08-14,296,46,167
2006-08-15,269,42,170
2006-08-16,155,25,181
2006-08-17,117,30,188
2006-08-18,177,44,191
2006-08-19,191,40,188
2006-08-20,226,52,172
2006-08-21,255,49,171
2006-08-22,286,43,162
2006-08-23,214,23,166
2006-08-24,125,11,166
2006-08-25,302,29,158
2006-08-26,210,20,157
2006-08-27,276,43,163
2006-08-28,279,47,149
2006-08-29,286,48,135
2006-08-30,289,37,143
2006-08-31,214,51,158
2006-09-01,205,43,177
2006-09-02,213,58,176
2006-09-03,98,1-97-
2006-09-04,272,52,171
2006-09-05,226,32,182
2006-09-06,228,39,204
2006-09-07,326,52,167
2006-09-08,17,29,146
2006-09-09,83,39,152
2006-09-10,105,25,172
2006-09-11,99,12,188
2006-09-12,132,21,209
2006-09-13,149,23,215
2006-09-14,127,25,218
2006-09-15,58,47,209
2006-09-16,51,26,203
2006-09-17,296,32,172
2006-09-18,233,28,178
2006-09-19,231,48,157
2006-09-20,181,46,161
2006-09-21,134,53,187
2006-09-22,160,54,202
2006-09-23,83,21,181
2006-09-24,156,27,199
2006-09-25,177,29,185
2006-09-26,272,42,167
2006-09-27,188,34,155
2006-09-28,188,34,170
2006-09-29,172,45,179
2006-09-30,189,35,165
2006-10-01,183,46,161
2006-10-02,206,85,150
2006-10-03,251,44,148
2006-10-04,249,25,132
2006-10-05,207,66,137
2006-10-06,208,86,158
2006-10-07,266,74,142
2006-10-08,187,38,128
2006-10-09,177,30,131
2006-10-10,116,26,156
2006-10-11,117,37,159
2006-10-12,278,14,140
2006-10-13,43,17,127
2006-10-14,75,40,136
2006-10-15,72,50,105
2006-10-16,108,34,104
2006-10-17,145,42,117
2006-10-18,158,28,134
2006-10-19,149,45,146
2006-10-20,174,52,147
2006-10-21,195,56,147
2006-10-22,181,61,143
2006-10-23,221,34,148
2006-10-24,238,31,127
2006-10-25,134,44,112
2006-10-26,210,62,169
2006-10-27,254,50,129
2006-10-28,227,52,138
2006-10-29,307,53,134
2006-10-30,205,47,121
2006-10-31,267,69,128
2006-11-01,334,76,74
2006-11-02,316,18,58
2006-11-03,286,11,64
2006-11-04,279,43,98
2006-11-05,277,61,120
2006-11-06,260,45,118
2006-11-07,192,37,77
2006-11-08,232,54,105
2006-11-09,305,59,97
2006-11-10,192,38,71
2006-11-11,260,82,99
2006-11-12,304,64,85
2006-11-13,245,66,119
2006-11-14,238,67,128
2006-11-15,187,56,124
2006-11-16,181,61,131
2006-11-17,178,55,107
2006-11-18,209,49,87
2006-11-19,181,38,59
2006-11-20,191,85,82
2006-11-21,224,41,74
2006-11-22,204,50,78
2006-11-23,201,76,106
2006-11-24,166,60,103
2006-11-25,191,80,132
2006-11-26,181,55,101
2006-11-27,166,54,105
2006-11-28,177,49,109
2006-11-29,211,41,87
2006-11-30,163,50,59
2006-12-01,182,61,86
2006-12-02,198,54,91
2006-12-03,193,89,83
2006-12-04,218,88,99
2006-12-05,212,111,128
2006-12-06,221,84,97
2006-12-07,198,101,83
2006-12-08,194,46,91
2006-12-09,265,37,63
2006-12-10,197,57,46
2006-12-11,208,82,76
2006-12-12,216,66,74
2006-12-13,230,86,114
2006-12-14,211,94,104
2006-12-15,205,77,76
2006-12-16,243,35,66
2006-12-17,254,39,53
2006-12-18,129,4,27
2006-12-19,202,5,20
2006-12-20,280,13,46
2006-12-21,326,8,69
2006-12-22,63,8,65
2006-12-23,73,35,35
2006-12-24,67,40,42
2006-12-25,68,20,62
2006-12-26,116,20,34
2006-12-27,190,33,11
2006-12-28,212,41,56
2006-12-29,167,63,54
2006-12-30,203,102,96
2006-12-31,224,98,102
2007-01-01,251,89,83
2007-01-02,283,67,63
2007-01-03,215,70,71
2007-01-04,257,98,96
2007-01-05,245,65,94
2007-01-06,219,17,73
2007-01-07,207,76,80
2007-01-08,217,76,94
2007-01-09,227,133,128
2007-01-10,234,95,102
2007-01-11,120,-85-
2007-01-12,246,108,104
2007-01-13,231,101,112
2007-01-14,261,71,71
2007-01-15,204,57,58
2007-01-16,207,69,85
2007-01-17,216,88,93
2007-01-18,249,136,102
2007-01-19,256,88,101
2007-01-20,239,119,103
2007-01-21,255,98,70
2007-01-22,16,28,33
2007-01-23,17,11,-4
2007-01-24,43,18,-1
2007-01-25,72,15,-7
2007-01-26,269,44,37
2007-01-27,307,42,50
2007-01-28,278,88,76
2007-01-29,305,51,83
2007-01-30,270,43,79
2007-01-31,261,72,75
2007-02-01,278,26,85
2007-02-02,284,35,74
2007-02-03,325,31,54
2007-02-04,32,1,39
2007-02-05,325,16,28
2007-02-06,214,28,9
2007-02-07,205,36,8
2007-02-08,114,35,-3
2007-02-09,13,21,20
2007-02-10,102,57,36
2007-02-11,188,59,76
2007-02-12,202,60,82
2007-02-13,267,75,77
2007-02-14,119,12,62
2007-02-15,175,27,66
2007-02-16,135,67,78
2007-02-17,142,42,67
2007-02-18,7,21,46
2007-02-19,150,26,52
2007-02-20,155,29,78
2007-02-21,218,49,81
2007-02-22,168,50,80
2007-02-23,159,54,91
2007-02-24,185,58,92
2007-02-25,234,38,78
2007-02-26,302,73,72
2007-02-27,225,50,68
2007-02-28,233,121,98
2007-03-01,255,96,79
2007-03-02,278,38,60
2007-03-03,24,9,60
2007-03-04,148,52,81
2007-03-05,212,80,92
2007-03-06,187,84,89
2007-03-07,231,40,85
2007-03-08,256,31,76
2007-03-09,260,34,72
2007-03-10,242,52,75
2007-03-11,197,45,80
2007-03-12,187,20,95
2007-03-13,348,24,72
2007-03-14,267,17,76
2007-03-15,227,32,80
2007-03-16,255,51,91
2007-03-17,258,92,107
2007-03-18,264,117,73
2007-03-19,308,39,32
2007-03-20,349,51,37
2007-03-21,358,60,56
2007-03-22,355,72,66
2007-03-23,39,66,66
2007-03-24,37,55,87
2007-03-25,70,58,100
2007-03-26,75,62,117
2007-03-27,96,55,120
2007-03-28,113,37,117
2007-03-29,225,21,91
2007-03-30,52,45,104
2007-03-31,45,71,111
2007-04-01,61,63,122
2007-04-02,41,56,116
2007-04-03,12,61,74
2007-04-04,32,37,74
2007-04-05,289,29,87
2007-04-06,355,16,97
2007-04-07,346,29,88
2007-04-08,244,41,91
2007-04-09,270,46,106
2007-04-10,281,41,123
2007-04-11,319,20,125
2007-04-12,56,39,136
2007-04-13,58,34,156
2007-04-14,50,30,178
2007-04-15,96,17,196
2007-04-16,357,32,163
2007-04-17,334,37,102
2007-04-18,304,24,96
2007-04-19,276,45,110
2007-04-20,27,32,85
2007-04-21,99,24,91
2007-04-22,231,8,128
2007-04-23,236,38,151
2007-04-24,165,17,165
2007-04-25,258,1,187
2007-04-26,19,39,178
2007-04-27,35,50,182
2007-04-28,36,55,173
2007-04-29,62,69,158
2007-04-30,72,73,142
2007-05-01,65,55,157
2007-05-02,46,50,143
2007-05-03,29,49,138
2007-05-04,25,63,147
2007-05-05,11,52,120
2007-05-06,235,54,123
2007-05-07,257,37,119
2007-05-08,254,81,123
2007-05-09,257,51,130
2007-05-10,237,91,134
2007-05-11,242,59,123
2007-05-12,232,85,137
2007-05-13,163,36,150
2007-05-14,239,46,137
2007-05-15,249,31,121
2007-05-16,316,30,117
2007-05-17,38,8,109
2007-05-18,213,64,161
2007-05-19,238,65,139
2007-05-20,49,13,142
2007-05-21,7,26,163
2007-05-22,349,23,146
2007-05-23,343,18,154
2007-05-24,354,18,182
2007-05-25,357,24,187
2007-05-26,37,48,145
2007-05-27,263,19,140
2007-05-28,277,17,136
2007-05-29,274,56,108
2007-05-30,181,54,147
2007-05-31,345,4,149
2007-06-01,37,35,179
2007-06-02,41,38,184
2007-06-03,48,31,179
2007-06-04,40,39,188
2007-06-05,38,51,186
2007-06-06,7,41,169
2007-06-07,29,48,205
2007-06-08,351,14,218
2007-06-09,267,20,174
2007-06-10,322,19,176
2007-06-11,315,24,181
2007-06-12,261,41,159
2007-06-13,35,1-74-
2007-06-14,63,32,179
2007-06-15,205,32,187
2007-06-16,203,45,165
2007-06-17,229,35,161
2007-06-18,219,18,165
2007-06-19,100,22,196
2007-06-20,235,37,186
2007-06-21,142,11,168
2007-06-22,181,20,163
2007-06-23,242,46,164
2007-06-24,199,39,157
2007-06-25,197,25,149
2007-06-26,291,74,126
2007-06-27,255,79,145
2007-06-28,256,51,152
2007-06-29,217,75,153
2007-06-30,241,39,170
2007-07-01,223,33,186
2007-07-02,214,57,172
2007-07-03,208,60,153
2007-07-04,263,55,157
2007-07-05,257,47,161
2007-07-06,244,98,158
2007-07-07,262,72,168
2007-07-08,304,12,169
2007-07-09,223,19,150
2007-07-10,251,25,153
2007-07-11,264,52,157
2007-07-12,239,55,168
2007-07-13,214,44,202
2007-07-14,226,57,197
2007-07-15,77,22,198
2007-07-16,247,17,199
2007-07-17,221,56,187
2007-07-18,235,46,184
2007-07-19,37,22,189
2007-07-20,69,26,172
2007-07-21,216,40,174
2007-07-22,243,27,157
2007-07-23,102,40,157
2007-07-24,295,45,161
2007-07-25,233,55,179
2007-07-26,211,66,184
2007-07-27,239,88,180
2007-07-28,257,49,173
2007-07-29,317,47,149
2007-07-30,302,71,146
2007-07-31,294,34,147
2007-08-01,135,18,166
2007-08-02,316,36,168
2007-08-03,253,30,172
2007-08-04,232,36,195
2007-08-05,132,52,230
2007-08-06,234,20,203
2007-08-07,24,19,185
2007-08-08,341,47,166
2007-08-09,351,60,163
2007-08-10,358,45,171
2007-08-11,4,17,161
2007-08-12,179,26,170
2007-08-13,227,50,175
2007-08-14,172,63,188
2007-08-15,212,79,199
2007-08-16,242,64,161
2007-08-17,228,46,152
2007-08-18,168,39,163
2007-08-19,158,39,181
2007-08-20,150,30,167
2007-08-21,4,39,179
2007-08-22,44,66,191
2007-08-23,84,21,183
2007-08-24,339,19,189
2007-08-25,259,35,186
2007-08-26,313,33,172
2007-08-27,295,26,152
2007-08-28,24,26,145
2007-08-29,332,17,139
2007-08-30,277,49,159
2007-08-31,281,47,165
2007-09-01,272,40,166
2007-09-02,248,61,176
2007-09-03,342,44,141
2007-09-04,342,43,125
2007-09-05,195,16,127
2007-09-06,344,34,169
2007-09-07,340,36,164
2007-09-08,319,39,166
2007-09-09,317,32,150
2007-09-10,305,69,151
2007-09-11,335,37,141
2007-09-12,293,14,141
2007-09-13,139,14,138
2007-09-14,262,37,140
2007-09-15,246,8,133
2007-09-16,223,61,160
2007-09-17,260,29,144
2007-09-18,321,45,112
2007-09-19,211,68,127
2007-09-20,214,86,155
2007-09-21,209,60,157
2007-09-22,210,20,153
2007-09-23,184,29,162
2007-09-24,196,64,145
2007-09-25,219,50,125
2007-09-26,358,28,108
2007-09-27,28,63,130
2007-09-28,36,58,141
2007-09-29,311,42,127
2007-09-30,302,28,125
2007-10-01,59,38,117
2007-10-02,62,49,129
2007-10-03,79,15,134
2007-10-04,256,25,128
2007-10-05,42,10,122
2007-10-06,61,37,123
2007-10-07,59,10,111
2007-10-08,24,15,109
2007-10-09,136,33,123
2007-10-10,50,32,119
2007-10-11,256,21,111
2007-10-12,313,35,143
2007-10-13,94,17,122
2007-10-14,141,27,112
2007-10-15,200,43,120
2007-10-16,199,56,139
2007-10-17,291,25,120
2007-10-18,337,41,99
2007-10-19,353,22,96
2007-10-20,122,6,64
2007-10-21,356,17,98
2007-10-22,115,37,57
2007-10-23,72,49,51
2007-10-24,63,63,86
2007-10-25,76,42,86
2007-10-26,96,18,82
2007-10-27,185,46,94
2007-10-28,186,71,107
2007-10-29,202,29,92
2007-10-30,293,20,83
2007-10-31,214,41,105
2007-11-01,249,42,132
2007-11-02,283,29,137
2007-11-03,304,31,118
2007-11-04,345,12,101
2007-11-05,246,40,104
2007-11-06,315,62,91
2007-11-07,280,77,110
2007-11-08,270,61,102
2007-11-09,320,91,65
2007-11-10,296,70,95
2007-11-11,312,74,81
2007-11-12,323,50,65
2007-11-13,257,18,53
2007-11-14,1,28,35
2007-11-15,281,5,23
2007-11-16,225,35,40
2007-11-17,193,35,40
2007-11-18,127,52,31
2007-11-19,129,53,45
2007-11-20,115,49,74
2007-11-21,160,49,89
2007-11-22,184,42,74
2007-11-23,339,29,53
2007-11-24,239,52,62
2007-11-25,310,71,70
2007-11-26,323,57,54
2007-11-27,246,13,56
2007-11-28,193,55,62
2007-11-29,230,54,71
2007-11-30,211,64,81
2007-12-01,221,99,90
2007-12-02,228,100,93
2007-12-03,286,81,75
2007-12-04,243,46,82
2007-12-05,213,96,113
2007-12-06,227,85,109
2007-12-07,264,120,97
2007-12-08,210,60,68
2007-12-09,191,48,77
2007-12-10,354,43,74
2007-12-11,343,43,50
2007-12-12,342,2,28
2007-12-13,106,22,27
2007-12-14,55,16,19
2007-12-15,78,36,21
2007-12-16,76,42,-8
2007-12-17,73,65,-2
2007-12-18,65,45,-12
2007-12-19,64,34,-23
2007-12-20,80,30,-33
2007-12-21,128,18,-44
2007-12-22,162,23,-31
2007-12-23,219,14,31
2007-12-24,179,45,32
2007-12-25,178,61,30
2007-12-26,201,49,47
2007-12-27,196,72,55
2007-12-28,205,87,71
2007-12-29,211,88,66
2007-12-30,307,48,60
2007-12-31,189,13,49
2008-01-01,104,35,24
2008-01-02,82,57,-5
2008-01-03,93,64,4
2008-01-04,132,62,34
2008-01-05,194,68,66
2008-01-06,217,40,45
2008-01-07,236,92,72
2008-01-08,198,66,62
2008-01-09,213,73,65
2008-01-10,198,93,77
2008-01-11,179,74,93
2008-01-12,231,52,56
2008-01-13,164,66,56
2008-01-14,183,84,67
2008-01-15,186,113,82
2008-01-16,212,71,68
2008-01-17,201,62,57
2008-01-18,235,97,94
2008-01-19,248,72,102
2008-01-20,242,118,112
2008-01-21,242,115,98
2008-01-22,314,25,47
2008-01-23,205,66,73
2008-01-24,253,74,87
2008-01-25,237,89,74
2008-01-26,244,92,87
2008-01-27,264,71,84
2008-01-28,34,8-3
-2008-01-29,207,46,67
2008-01-30,269,36,52
2008-01-31,207,111,50
2008-02-01,249,114,60
2008-02-02,259,52,39
2008-02-03,157,73,31
2008-02-04,190,57,58
2008-02-05,195,90,78
2008-02-06,271,71,74
2008-02-07,204,43,56
2008-02-08,161,39,63
2008-02-09,147,28,61
2008-02-10,129,22,66
2008-02-11,105,23,70
2008-02-12,70,17,64
2008-02-13,70,27,23
2008-02-14,65,30,35
2008-02-15,71,56,24
2008-02-16,94,36,-2
2008-02-17,225,11,6
2008-02-18,317,5,15
2008-02-19,92,20,14
2008-02-20,210,8,21
2008-02-21,228,75,70
2008-02-22,237,104,98
2008-02-23,233,69,81
2008-02-24,216,51,93
2008-02-25,213,33,75
2008-02-26,231,89,99
2008-02-27,261,71,71
2008-02-28,227,19,66
2008-02-29,230,77,74
2008-03-01,273,124,90
2008-03-02,261,97,96
2008-03-03,269,76,57
2008-03-04,344,45,28
2008-03-05,264,27,36
2008-03-06,248,66,83
2008-03-07,214,55,67
2008-03-08,200,72,71
2008-03-09,199,65,75
2008-03-10,165,103,59
2008-03-11,232,105,84
2008-03-12,257,132,82
2008-03-13,254,84,77
2008-03-14,273,38,74
2008-03-15,119,29,85
2008-03-16,36,46,74
2008-03-17,339,51,49
2008-03-18,323,51,41
2008-03-19,339,52,44
2008-03-20,256,69,55
2008-03-21,286,53,39
2008-03-22,23,47,13
2008-03-23,219,29,2
2008-03-24,297,34,14
2008-03-25,295,61,17
2008-03-26,267,11,36
2008-03-27,64,24,42
2008-03-28,188,62,63
2008-03-29,221,80,94
2008-03-30,178,51,93
2008-03-31,207,13,91
2008-04-01,221,55,84
2008-04-02,293,67,83
2008-04-03,330,52,77
2008-04-04,247,33,84
2008-04-05,326,27,69
2008-04-06,333,35,38
2008-04-07,218,27,34
2008-04-08,179,17,41
2008-04-09,311,11,55
2008-04-10,13,4,70
2008-04-11,216,24,78
2008-04-12,220,72,86
2008-04-13,218,31,78
2008-04-14,344,34,67
2008-04-15,331,37,62
2008-04-16,29,26,54
2008-04-17,61,45,71
2008-04-18,73,79,80
2008-04-19,75,68,88
2008-04-20,79,55,115
2008-04-21,67,68,125
2008-04-22,61,55,130
2008-04-23,166,19,128
2008-04-24,224,47,113
2008-04-25,255,39,109
2008-04-26,186,32,145
2008-04-27,153,47,169
2008-04-28,227,35,118
2008-04-29,170,44,109
2008-04-30,165,73,121
2008-05-01,197,50,101
2008-05-02,253,22,109
2008-05-03,84,25,134
2008-05-04,102,39,158
2008-05-05,81,42,162
2008-05-06,65,47,173
2008-05-07,63,39,183
2008-05-08,76,36,186
2008-05-09,121,41,198
2008-05-10,63,32,201
2008-05-11,77,34,193
2008-05-12,51,48,201
2008-05-13,41,53,190
2008-05-14,44,40,186
2008-05-15,46,41,172
2008-05-16,47,37,137
2008-05-17,33,48,115
2008-05-18,8,41,108
2008-05-19,17,41,104
2008-05-20,51,40,114
2008-05-21,60,44,135
2008-05-22,80,24,151
2008-05-23,57,45,171
2008-05-24,66,56,181
2008-05-25,60,63,143
2008-05-26,56,89,138
2008-05-27,80,48,165
2008-05-28,145,36,192
2008-05-29,19,27,164
2008-05-30,259,31,152
2008-05-31,313,35,138
2008-06-01,253,1,162
2008-06-02,34,20,217
2008-06-03,239,24,176
2008-06-04,303,23,159
2008-06-05,326,31,148
2008-06-06,44,21,189
2008-06-07,198,15,177
2008-06-08,303,30,183
2008-06-09,20,22,205
2008-06-10,308,41,164
2008-06-11,297,54,143
2008-06-12,327,35,128
2008-06-13,295,51,125
2008-06-14,273,32,133
2008-06-15,287,31,129
2008-06-16,319,32,124
2008-06-17,210,6,145
2008-06-18,229,51,161
2008-06-19,220,65,161
2008-06-20,237,61,160
2008-06-21,189,30,183
2008-06-22,228,74,195
2008-06-23,276,59,144
2008-06-24,62,37,159
2008-06-25,238,46,180
2008-06-26,243,61,171
2008-06-27,250,76,168
2008-06-28,246,76,180
2008-06-29,238,65,176
2008-06-30,276,25,173
2008-07-01,115,22,201
2008-07-02,159,8,217
2008-07-03,244,30,180
2008-07-04,296,31,173
2008-07-05,155,28,174
2008-07-06,207,40,177
2008-07-07,208,84,157
2008-07-08,239,61,153
2008-07-09,230,46,159
2008-07-10,214,52,169
2008-07-11,220,66,173
2008-07-12,238,55,146
2008-07-13,274,36,149
2008-07-14,245,50,180
2008-07-15,232,58,184
2008-07-16,276,52,170
2008-07-17,39,1-53-
2008-07-18,53,1-70-
2008-07-19,68,1-65-
2008-07-20,289,56,144
2008-07-21,301,76,136
2008-07-22,296,41,160
2008-07-23,45,7,191
2008-07-24,77,43,204
2008-07-25,102,41,226
2008-07-26,287,4,213
2008-07-27,7,12,222
2008-07-28,323,14,223
2008-07-29,271,23,202
2008-07-30,86,31,215
2008-07-31,99,26,242
2008-08-01,227,53,196
2008-08-02,208,55,189
2008-08-03,220,60,184
2008-08-04,258,73,181
2008-08-05,251,28,185
2008-08-06,214,15,210
2008-08-07,228,8,193
2008-08-08,297,39,170
2008-08-09,226,54,172
2008-08-10,223,86,184
2008-08-11,207,43,172
2008-08-12,202,58,172
2008-08-13,218,109,166
2008-08-14,227,55,162
2008-08-15,265,19,155
2008-08-16,131,23,165
2008-08-17,166,35,168
2008-08-18,180,44,163
2008-08-19,210,75,177
2008-08-20,238,70,176
2008-08-21,220,58,173
2008-08-22,263,21,153
2008-08-23,279,23,147
2008-08-24,194,49,154
2008-08-25,224,62,180
2008-08-26,228,55,177
2008-08-27,230,49,173
2008-08-28,255,44,181
2008-08-29,295,25,184
2008-08-30,96,38,188
2008-08-31,164,25,210
2008-09-01,222,66,173
2008-09-02,192,63,150
2008-09-03,199,74,145
2008-09-04,201,76,151
2008-09-05,153,56,160
2008-09-06,183,66,169
2008-09-07,187,62,152
2008-09-08,229,48,155
2008-09-09,151,42,177
2008-09-10,222,28,177
2008-09-11,133,22,195
2008-09-12,279,24,159
2008-09-13,66,30,130
2008-09-14,69,46,127
2008-09-15,74,40,125
2008-09-16,68,21,125
2008-09-17,69,21,124
2008-09-18,71,22,110
2008-09-19,52,21,118
2008-09-20,61,18,120
2008-09-21,17,21,135
2008-09-22,33,27,140
2008-09-23,20,39,135
2008-09-24,59,46,137
2008-09-25,53,37,128
2008-09-26,53,29,128
2008-09-27,183,1,122
2008-09-28,274,15,126
2008-09-29,250,30,121
2008-09-30,255,84,136
2008-10-01,268,100,127
2008-10-02,255,57,101
2008-10-03,231,39,91
2008-10-04,217,65,97
2008-10-05,203,69,117
2008-10-06,46,19,115
2008-10-07,154,49,145
2008-10-08,290,33,127
2008-10-09,226,6,105
2008-10-10,197,42,118
2008-10-11,202,37,134
2008-10-12,179,28,132
2008-10-13,222,38,156
2008-10-14,251,28,145
2008-10-15,224,55,140
2008-10-16,287,55,111
2008-10-17,255,26,90
2008-10-18,214,48,109
2008-10-19,202,53,116
2008-10-20,200,67,119
2008-10-21,247,50,99
2008-10-22,223,39,87
2008-10-23,189,62,98
2008-10-24,197,38,91
2008-10-25,196,47,88
2008-10-26,218,68,120
2008-10-27,265,45,82
2008-10-28,258,22,50
2008-10-29,136,20,31
2008-10-30,72,30,35
2008-10-31,70,32,50
2008-11-01,65,57,66
2008-11-02,107,25,86
2008-11-03,59,43,81
2008-11-04,67,18,80
2008-11-05,53,47,92
2008-11-06,142,26,99
2008-11-07,172,41,91
2008-11-08,171,67,91
2008-11-09,200,78,102
2008-11-10,207,98,122
2008-11-11,221,73,94
2008-11-12,225,51,81
2008-11-13,207,40,80
2008-11-14,224,61,108
2008-11-15,248,64,119
2008-11-16,301,40,85
2008-11-17,191,24,71
2008-11-18,245,24,79
2008-11-19,261,55,99
2008-11-20,289,81,100
2008-11-21,318,99,56
2008-11-22,331,57,21
2008-11-23,182,50,14
2008-11-24,35,31,16
2008-11-25,338,32,38
2008-11-26,236,38,62
2008-11-27,201,73,70
2008-11-28,174,53,39
2008-11-29,155,25,25
2008-11-30,68,31,15
2008-12-01,345,8,40
2008-12-02,213,38,34
2008-12-03,236,25,24
2008-12-04,172,57,27
2008-12-05,188,31,46
2008-12-06,321,29,58
2008-12-07,257,25,34
2008-12-08,203,51,24
2008-12-09,268,17,24
2008-12-10,206,30,23
2008-12-11,174,58,33
2008-12-12,184,57,18
2008-12-13,135,77,-3
2008-12-14,89,42,24
2008-12-15,55,49,23
2008-12-16,165,20,1
2008-12-17,213,19,25
2008-12-18,200,42,50
2008-12-19,255,45,61
2008-12-20,263,71,84
2008-12-21,245,73,91
2008-12-22,275,49,74
2008-12-23,212,19,53
2008-12-24,314,32,65
2008-12-25,60,49,41
2008-12-26,69,54,-5
2008-12-27,68,55,-17
2008-12-28,76,46,-18
2008-12-29,77,34,-35
2008-12-30,80,18,-41
2008-12-31,24,14,-32
2009-01-01,218,17,5
2009-01-02,41,23,-2
2009-01-03,254,20,-9
2009-01-04,272,61,31
2009-01-05,58,70,-8
2009-01-06,72,16,-43
2009-01-07,12,2-
2-009-01-08,165,21,-39
2009-01-09,122,10,-53
2009-01-10,162,26,-52
2009-01-11,178,53,-8
2009-01-12,199,86,43
2009-01-13,202,59,45
2009-01-14,234,30,42
2009-01-15,155,43,29
2009-01-16,158,50,18
2009-01-17,182,65,46
2009-01-18,203,67,55
2009-01-19,188,64,44
2009-01-20,191,59,38
2009-01-21,190,49,34
2009-01-22,172,83,45
2009-01-23,244,18,52
2009-01-24,251,41,40
2009-01-25,146,62,25
2009-01-26,106,34,14
2009-01-27,97,22,-4
2009-01-28,141,33,-14
2009-01-29,113,30,-5
2009-01-30,105,46,3
2009-01-31,96,64,3
2009-02-01,68,80,-11
2009-02-02,83,75,12
2009-02-03,192,18,20
2009-02-04,158,13,4
2009-02-05,139,30,30
2009-02-06,157,18,42
2009-02-07,311,30,28
2009-02-08,234,35,11
2009-02-09,158,40,28
2009-02-10,340,43,36
2009-02-11,298,43,22
2009-02-12,316,34,14
2009-02-13,316,20,20
2009-02-14,335,13,-7
2009-02-15,233,41,23
2009-02-16,292,49,60
2009-02-17,14,29,41
2009-02-18,112,23,-1
2009-02-19,233,27,25
2009-02-20,317,45,50
2009-02-21,248,34,54
2009-02-22,304,57,64
2009-02-23,318,58,58
2009-02-24,332,16,43
2009-02-25,230,48,54
2009-02-26,268,82,66
2009-02-27,268,54,73
2009-02-28,247,20,73
2009-03-01,143,18,66
2009-03-02,272,36,50
2009-03-03,182,63,63
2009-03-04,158,68,56
2009-03-05,336,35,46
2009-03-06,324,68,47
2009-03-07,214,43,53
2009-03-08,83,7-3
-2009-03-09,255,90,63
2009-03-10,265,22,58
2009-03-11,286,38,65
2009-03-12,251,58,79
2009-03-13,246,23,75
2009-03-14,246,41,85
2009-03-15,307,60,78
2009-03-16,239,19,80
2009-03-17,30,27,67
2009-03-18,149,5,55
2009-03-19,37,40,68
2009-03-20,60,26,51
2009-03-21,279,23,49
2009-03-22,301,61,81
2009-03-23,275,90,68
2009-03-24,318,46,53
2009-03-25,275,63,62
2009-03-26,69,7-4
-2009-03-27,243,77,67
2009-03-28,239,24,62
2009-03-29,328,32,60
2009-03-30,236,20,57
2009-03-31,297,8,77
2009-04-01,48,56,94
2009-04-02,52,63,115
2009-04-03,298,12,122
2009-04-04,54,9-0
-2009-04-05,49,10,91
2009-04-06,113,29,125
2009-04-07,227,31,105
2009-04-08,194,61,86
2009-04-09,150,32,106
2009-04-10,143,50,170
2009-04-11,173,4,158
2009-04-12,347,25,135
2009-04-13,302,33,97
2009-04-14,30,30,124
2009-04-15,54,42,168
2009-04-16,309,10,141
2009-04-17,41,53,119
2009-04-18,42,64,119
2009-04-19,47,31,125
2009-04-20,36,35,133
2009-04-21,344,30,109
2009-04-22,338,38,95
2009-04-23,38,12,93
2009-04-24,118,43,132
2009-04-25,177,22,137
2009-04-26,237,4,122
2009-04-27,178,50,118
2009-04-28,185,13,96
2009-04-29,78,23,111
2009-04-30,81,20,131
2009-05-01,344,12,138
2009-05-02,261,28,122
2009-05-03,282,43,97
2009-05-04,257,51,101
2009-05-05,256,71,119
2009-05-06,247,78,127
2009-05-07,235,55,128
2009-05-08,235,74,119
2009-05-09,222,20,118
2009-05-10,35,35,137
2009-05-11,37,90,114
2009-05-12,67,74,134
2009-05-13,80,66,158
2009-05-14,66,55,153
2009-05-15,173,15,133
2009-05-16,188,47,124
2009-05-17,177,36,125
2009-05-18,214,49,136
2009-05-19,212,32,135
2009-05-20,244,14,141
2009-05-21,268,26,139
2009-05-22,254,42,135
2009-05-23,142,13,163
2009-05-24,327,24,154
2009-05-25,69,35,176
2009-05-26,255,35,133
2009-05-27,230,73,123
2009-05-28,299,46,149
2009-05-29,48,40,153
2009-05-30,56,53,167
2009-05-31,48,54,187
2009-06-01,23,47,187
2009-06-02,358,49,158
2009-06-03,336,53,124
2009-06-04,314,44,103
2009-06-05,359,15,102
2009-06-06,61,46,126
2009-06-07,100,22,118
2009-06-08,221,12,140
2009-06-09,227,41,150
2009-06-10,257,21,141
2009-06-11,308,40,129
2009-06-12,296,42,131
2009-06-13,205,15,156
2009-06-14,248,30,170
2009-06-15,43,16,159
2009-06-16,41,17,145
2009-06-17,186,38,176
2009-06-18,259,54,166
2009-06-19,270,67,153
2009-06-20,290,57,144
2009-06-21,347,35,138
2009-06-22,3,33,143
2009-06-23,35,45,164
2009-06-24,41,61,181
2009-06-25,58,60,204
2009-06-26,67,34,201
2009-06-27,69,10,196
2009-06-28,312,20,190
2009-06-29,310,27,196
2009-06-30,19,29,199
2009-07-01,40,38,212
2009-07-02,54,46,235
2009-07-03,238,29,215
2009-07-04,300,27,200
2009-07-05,229,14,205
2009-07-06,237,65,186
2009-07-07,224,55,167
2009-07-08,286,70,157
2009-07-09,281,66,157
2009-07-10,283,74,149
2009-07-11,262,28,165
2009-07-12,211,47,172
2009-07-13,218,26,185
2009-07-14,247,12,193
2009-07-15,223,56,189
2009-07-16,173,16,200
2009-07-17,196,40,190
2009-07-18,237,72,163
2009-07-19,228,69,171
2009-07-20,247,63,171
2009-07-21,147,31,195
2009-07-22,239,41,191
2009-07-23,230,39,174
2009-07-24,234,60,165
2009-07-25,271,51,171
2009-07-26,202,38,188
2009-07-27,241,31,182
2009-07-28,247,34,179
2009-07-29,179,22,192
2009-07-30,246,73,161
2009-07-31,166,25,168
2009-08-01,147,31,201
2009-08-02,281,38,171
2009-08-03,234,17,167
2009-08-04,161,34,196
2009-08-05,115,27,217
2009-08-06,95,27,232
2009-08-07,312,17,213
2009-08-08,335,35,184
2009-08-09,11,24,171
2009-08-10,242,17,181
2009-08-11,286,41,188
2009-08-12,266,42,180
2009-08-13,309,32,170
2009-08-14,215,27,177
2009-08-15,217,54,205
2009-08-16,243,51,192
2009-08-17,254,37,184
2009-08-18,176,19,198
2009-08-19,153,16,219
2009-08-20,206,41,231
2009-08-21,241,49,177
2009-08-22,245,18,167
2009-08-23,136,45,198
2009-08-24,158,28,207
2009-08-25,225,35,175
2009-08-26,189,48,186
2009-08-27,218,47,191
2009-08-28,232,77,161
2009-08-29,261,57,155
2009-08-30,234,46,161
2009-08-31,167,42,194
2009-09-01,202,59,181
2009-09-02,197,49,165
2009-09-03,223,93,155
2009-09-04,258,89,150
2009-09-05,270,70,152
2009-09-06,248,42,156
2009-09-07,203,27,168
2009-09-08,183,27,198
2009-09-09,6,40,173
2009-09-10,20,47,159
2009-09-11,13,41,150
2009-09-12,357,32,151
2009-09-13,352,41,148
2009-09-14,34,61,157
2009-09-15,52,57,157
2009-09-16,35,70,159
2009-09-17,39,41,139
2009-09-18,55,28,145
2009-09-19,61,11,176
2009-09-20,340,29,154
2009-09-21,228,22,142
2009-09-22,229,55,159
2009-09-23,271,39,168
2009-09-24,299,26,137
2009-09-25,245,21,129
2009-09-26,231,2,130
2009-09-27,281,15,129
2009-09-28,257,44,153
2009-09-29,283,46,156
2009-09-30,256,24,150
2009-10-01,312,42,134
2009-10-02,276,36,122
2009-10-03,235,96,145
2009-10-04,272,67,118
2009-10-05,129,30,114
2009-10-06,198,46,150
2009-10-07,274,7,151
2009-10-08,333,19,114
2009-10-09,98,41,100
2009-10-10,283,30,127
2009-10-11,284,50,125
2009-10-12,345,46,113
2009-10-13,3,25,96
2009-10-14,22,15,55
2009-10-15,355,27,77
2009-10-16,338,70,110
2009-10-17,2,36,88
2009-10-18,209,19,79
2009-10-19,180,40,87
2009-10-20,122,61,80
2009-10-21,112,58,107
2009-10-22,111,28,88
2009-10-23,165,23,101
2009-10-24,163,51,110
2009-10-25,225,67,134
2009-10-26,265,65,126
2009-10-27,188,21,127
2009-10-28,204,24,119
2009-10-29,49,4,134
2009-10-30,107,37,109
2009-10-31,154,39,107
2009-11-01,185,49,134
2009-11-02,218,39,93
2009-11-03,165,59,72
2009-11-04,197,42,79
2009-11-05,203,42,83
2009-11-06,184,55,88
2009-11-07,186,51,74
2009-11-08,69,23,49
2009-11-09,12,29,70
2009-11-10,275,23,79
2009-11-11,217,39,79
2009-11-12,182,46,83
2009-11-13,189,82,135
2009-11-14,189,86,129
2009-11-15,198,51,95
2009-11-16,191,52,104
2009-11-17,210,67,105
2009-11-18,220,116,116
2009-11-19,195,75,102
2009-11-20,202,62,118
2009-11-21,162,46,124
2009-11-22,204,91,110
2009-11-23,235,97,106
2009-11-24,233,89,119
2009-11-25,208,103,108
2009-11-26,206,95,81
2009-11-27,210,70,72
2009-11-28,197,71,73
2009-11-29,174,63,85
2009-11-30,173,37,52
2009-12-01,64,22,54
2009-12-02,148,59,45
2009-12-03,184,59,81
2009-12-04,196,49,58
2009-12-05,182,64,73
2009-12-06,190,65,98
2009-12-07,171,58,73
2009-12-08,232,24,66
2009-12-09,174,43,76
2009-12-10,300,56,96
2009-12-11,9,41,73
2009-12-12,39,51,45
2009-12-13,53,33,15
2009-12-14,95,22,-25
2009-12-15,87,15,-26
2009-12-16,195,42,-5
2009-12-17,153,39,-2
2009-12-18,51,40,-20
2009-12-19,151,29,-60
2009-12-20,208,57,-6
2009-12-21,166,45,-17
2009-12-22,188,42,3
2009-12-23,175,54,-1
2009-12-24,111,36,0
2009-12-25,289,53,26
2009-12-26,200,66,37
2009-12-27,219,63,44
2009-12-28,352,5,33
2009-12-29,74,50,5
2009-12-30,58,70,3
2009-12-31,44,72,4
2010-01-01,28,42,-16
2010-01-02,186,23,-6
2010-01-03,19,14,-34
2010-01-04,189,38,-15
2010-01-05,195,38,-2
2010-01-06,186,32,-28
2010-01-07,157,24,-48
2010-01-08,40,38,-57
2010-01-09,36,100,-18
2010-01-10,48,69,-1
2010-01-11,52,41,-2
2010-01-12,93,40,-15
2010-01-13,98,56,-33
2010-01-14,102,26,3
2010-01-15,143,29,13
2010-01-16,141,67,11
2010-01-17,267,34,43
2010-01-18,226,42,37
2010-01-19,353,12,39
2010-01-20,75,45,22
2010-01-21,87,34,25
2010-01-22,120,46,24
2010-01-23,120,38,14
2010-01-24,94,19,-2
2010-01-25,30,30,-29
2010-01-26,53,34,-64
2010-01-27,249,45,-9
2010-01-28,306,59,35
2010-01-29,294,40,24
2010-01-30,311,25,3
2010-01-31,265,53,17
2010-02-01,263,24,5
2010-02-02,235,60,30
2010-02-03,257,32,23
2010-02-04,181,34,60
2010-02-05,135,38,42
2010-02-06,48,24,25
2010-02-07,59,27,9
2010-02-08,65,57,-33
2010-02-09,42,51,-28
2010-02-10,32,56,-24
2010-02-11,32,76,-19
2010-02-12,27,49,-21
2010-02-13,17,36,-12
2010-02-14,47,22,-24
2010-02-15,123,19,-32
2010-02-16,151,63,-6
2010-02-17,101,31,-3
2010-02-18,185,30,27
2010-02-19,226,52,31
2010-02-20,238,50,14
2010-02-21,175,40,4
2010-02-22,69,23,30
2010-02-23,56,55,15
2010-02-24,148,38,59
2010-02-25,187,45,76
2010-02-26,222,75,69
2010-02-27,206,53,63
2010-02-28,283,15,58
2010-03-01,275,61,39
2010-03-02,283,31,25
2010-03-03,47,24,21
2010-03-04,10,40,17
2010-03-05,288,51,23
2010-03-06,35,65,8
2010-03-07,57,38,-8
2010-03-08,31,30,12
2010-03-09,43,31,8
2010-03-10,44,62,7
2010-03-11,14,39,30
2010-03-12,268,39,43
2010-03-13,293,56,50
2010-03-14,295,65,61
2010-03-15,282,68,60
2010-03-16,277,25,58
2010-03-17,216,42,72
2010-03-18,177,43,104
2010-03-19,221,53,112
2010-03-20,223,67,129
2010-03-21,303,28,81
2010-03-22,208,42,75
2010-03-23,197,18,92
2010-03-24,139,45,128
2010-03-25,162,48,142
2010-03-26,210,38,104
2010-03-27,237,52,91
2010-03-28,235,61,80
2010-03-29,173,26,99
2010-03-30,184,55,98
2010-03-31,197,87,64
2010-04-01,242,82,56
2010-04-02,168,72,77
2010-04-03,157,38,71
2010-04-04,264,24,67
2010-04-05,214,46,70
2010-04-06,153,52,111
2010-04-07,176,21,128
2010-04-08,326,36,86
2010-04-09,309,35,94
2010-04-10,11,38,75
2010-04-11,42,55,71
2010-04-12,32,66,96
2010-04-13,24,54,96
2010-04-14,36,53,100
2010-04-15,28,49,90
2010-04-16,6,41,79
2010-04-17,291,16,75
2010-04-18,353,24,98
2010-04-19,44,35,89
2010-04-20,297,51,81
2010-04-21,307,52,63
2010-04-22,322,25,70
2010-04-23,37,17,83
2010-04-24,85,27,125
2010-04-25,217,14,133
2010-04-26,263,48,116
2010-04-27,297,17,128
2010-04-28,177,20,160
2010-04-29,244,16,168
2010-04-30,239,58,117
2010-05-01,267,37,105
2010-05-02,38,53,77
2010-05-03,358,71,66
2010-05-04,12,47,73
2010-05-05,24,39,83
2010-05-06,21,59,90
2010-05-07,21,40,80
2010-05-08,38,9,88
2010-05-09,24,37,85
2010-05-10,5,30,69
2010-05-11,34,55,77
2010-05-12,354,50,65
2010-05-13,349,27,72
2010-05-14,12,14,80
2010-05-15,294,36,94
2010-05-16,262,51,115
2010-05-17,301,38,112
2010-05-18,326,38,98
2010-05-19,326,41,111
2010-05-20,311,27,134
2010-05-21,338,34,134
2010-05-22,356,39,142
2010-05-23,301,23,162
2010-05-24,293,40,156
2010-05-25,27,33,125
2010-05-26,50,40,107
2010-05-27,270,9,107
2010-05-28,265,33,113
2010-05-29,180,46,142
2010-05-30,272,63,120
2010-05-31,334,39,126
2010-06-01,298,18,121
2010-06-02,360,38,151
2010-06-03,42,45,158
2010-06-04,60,33,165
2010-06-05,66,15,189
2010-06-06,246,17,180
2010-06-07,268,44,141
2010-06-08,130,20,164
2010-06-09,116,15,173
2010-06-10,39,26,179
2010-06-11,254,28,153
2010-06-12,310,41,134
2010-06-13,290,12,139
2010-06-14,38,48,160
2010-06-15,19,56,133
2010-06-16,32,62,154
2010-06-17,32,62,162
2010-06-18,345,48,131
2010-06-19,323,60,116
2010-06-20,336,46,113
2010-06-21,336,33,134
2010-06-22,8,7,148
2010-06-23,249,8,181
2010-06-24,279,23,187
2010-06-25,360,21,188
2010-06-26,32,11,193
2010-06-27,29,7,216
2010-06-28,301,23,211
2010-06-29,254,28,189
2010-06-30,255,20,196
2010-07-01,259,10,213
2010-07-02,246,15,257
2010-07-03,316,26,203
2010-07-04,241,37,192
2010-07-05,288,38,181
2010-07-06,292,36,161
2010-07-07,203,27,189
2010-07-08,277,18,213
2010-07-09,221,9,248
2010-07-10,249,9,244
2010-07-11,257,21,226
2010-07-12,221,21,201
2010-07-13,225,11,200
2010-07-14,180,24,211
2010-07-15,201,67,183
2010-07-16,201,47,185
2010-07-17,236,53,170
2010-07-18,231,23,178
2010-07-19,246,7,206
2010-07-20,126,27,237
2010-07-21,217,19,212
2010-07-22,244,19,180
2010-07-23,310,30,174
2010-07-24,315,29,162
2010-07-25,260,21,171
2010-07-26,315,44,166
2010-07-27,227,25,180
2010-07-28,297,45,180
2010-07-29,306,47,165
2010-07-30,269,25,179
2010-07-31,209,46,181
2010-08-01,259,31,183
2010-08-02,294,22,173
2010-08-03,271,31,176
2010-08-04,225,37,166
2010-08-05,286,40,155
2010-08-06,206,15,170
2010-08-07,175,30,172
2010-08-08,314,33,171
2010-08-09,247,14,183
2010-08-10,199,51,174
2010-08-11,264,36,170
2010-08-12,242,27,150
2010-08-13,201,24,155
2010-08-14,57,31,185
2010-08-15,11,64,178
2010-08-16,6,22,196
2010-08-17,269,59,166
2010-08-18,252,57,172
2010-08-19,225,47,175
2010-08-20,205,45,208
2010-08-21,226,57,208
2010-08-22,238,38,197
2010-08-23,226,71,188
2010-08-24,252,95,168
2010-08-25,260,41,165
2010-08-26,190,7,167
2010-08-27,360,39,147
2010-08-28,279,44,141
2010-08-29,282,61,135
2010-08-30,345,70,148
2010-08-31,340,22,132
2010-09-01,19,11,134
2010-09-02,357,15,136
2010-09-03,331,19,138
2010-09-04,38,25,141
2010-09-05,79,36,140
2010-09-06,99,67,154
2010-09-07,115,55,126
2010-09-08,81,17,151
2010-09-09,271,35,162
2010-09-10,211,46,158
2010-09-11,210,43,180
2010-09-12,270,25,153
2010-09-13,233,47,152
2010-09-14,242,88,163
2010-09-15,259,84,138
2010-09-16,262,43,126
2010-09-17,284,41,114
2010-09-18,263,39,120
2010-09-19,221,59,139
2010-09-20,226,67,157
2010-09-21,155,14,147
2010-09-22,153,23,161
2010-09-23,165,26,161
2010-09-24,292,26,148
2010-09-25,317,43,109
2010-09-26,81,18,94
2010-09-27,289,7,115
2010-09-28,46,20,129
2010-09-29,110,31,104
2010-09-30,151,23,108
2010-10-01,154,53,124
2010-10-02,169,56,158
2010-10-03,150,61,183
2010-10-04,139,36,178
2010-10-05,182,45,164
2010-10-06,177,49,156
2010-10-07,82,32,141
2010-10-08,89,43,150
2010-10-09,71,40,137
2010-10-10,63,47,117
2010-10-11,49,52,109
2010-10-12,34,37,101
2010-10-13,29,5,105
2010-10-14,345,18,108
2010-10-15,300,21,102
2010-10-16,25,52,78
2010-10-17,30,20,58
2010-10-18,205,50,81
2010-10-19,286,33,94
2010-10-20,318,33,66
2010-10-21,243,70,90
2010-10-22,219,59,105
2010-10-23,206,63,77
2010-10-24,312,51,82
2010-10-25,332,25,65
2010-10-26,198,60,72
2010-10-27,201,72,94
2010-10-28,213,68,117
2010-10-29,167,63,104
2010-10-30,186,41,112
2010-10-31,107,31,91
2010-11-01,323,8,87
2010-11-02,207,66,111
2010-11-03,74,1-28-
2010-11-04,236,125,149
2010-11-05,253,66,133
2010-11-06,284,21,94
2010-11-07,69,39,62
2010-11-08,114,57,52
2010-11-09,65,58,48
2010-11-10,360,29,57
2010-11-11,202,80,70
2010-11-12,245,113,114
2010-11-13,226,37,101
2010-11-14,213,46,108
2010-11-15,234,20,55
2010-11-16,157,14,42
2010-11-17,92,36,42
2010-11-18,115,23,50
2010-11-19,164,21,64
2010-11-20,175,10,60
2010-11-21,55,50,59
2010-11-22,36,41,50
2010-11-23,320,25,40
2010-11-24,238,19,29
2010-11-25,94,12,22
2010-11-26,140,21,-2
2010-11-27,136,36,0
2010-11-28,74,40,-19
2010-11-29,66,53,-14
2010-11-30,69,81,-16
2010-12-01,67,99,-58
2010-12-02,80,38,-65
2010-12-03,191,31,-49
2010-12-04,178,76,-17
2010-12-05,228,46,26
2010-12-06,162,11,-1
2010-12-07,63,24,-21
2010-12-08,17,28,-17
2010-12-09,306,62,34
2010-12-10,259,45,44
2010-12-11,291,77,74
2010-12-12,2,47,34
2010-12-13,277,5,-9
2010-12-14,10,22,-25
2010-12-15,340,23,17
2010-12-16,253,28,18
2010-12-17,227,42,-18
2010-12-18,135,39,-38
2010-12-19,53,42,-50
2010-12-20,164,23,-74
2010-12-21,69,29,-40
2010-12-22,46,55,-19
2010-12-23,31,89,-1
2010-12-24,21,77,-6
2010-12-25,332,3,-16
2010-12-26,270,30,6
2010-12-27,186,45,-1
2010-12-28,128,38,8
2010-12-29,117,28,9
2010-12-30,183,8,0
2010-12-31,260,22,38
2011-01-01,303,40,41
2011-01-02,312,29,18
2011-01-03,232,25,2
2011-01-04,198,60,12
2011-01-05,169,68,4
2011-01-06,214,21,45
2011-01-07,152,35,45
2011-01-08,207,69,79
2011-01-09,228,50,29
2011-01-10,170,49,10
2011-01-11,198,30,32
2011-01-12,220,40,52
2011-01-13,244,70,94
2011-01-14,239,105,95
2011-01-15,220,82,86
2011-01-16,200,73,96
2011-01-17,205,40,78
2011-01-18,322,18,39
2011-01-19,310,33,36
2011-01-20,4,36,24
2011-01-21,333,12,9
2011-01-22,360,43,48
2011-01-23,355,45,57
2011-01-24,319,43,57
2011-01-25,297,57,45
2011-01-26,54,29,19
2011-01-27,59,59,1
2011-01-28,67,52,-17
2011-01-29,45,43,-19
2011-01-30,60,36,-2
2011-01-31,144,11,-3
2011-02-01,201,45,7
2011-02-02,208,70,44
2011-02-03,233,66,59
2011-02-04,228,145,94
2011-02-05,233,153,104
2011-02-06,237,136,100
2011-02-07,227,90,81
2011-02-08,271,32,41
2011-02-09,159,29,33
2011-02-10,211,44,70
2011-02-11,296,8,67
2011-02-12,133,28,51
2011-02-13,154,41,53
2011-02-14,160,33,60
2011-02-15,137,47,57
2011-02-16,151,33,62
2011-02-17,61,43,40
2011-02-18,92,39,11
2011-02-19,94,54,21
2011-02-20,89,58,3
2011-02-21,99,52,-17
2011-02-22,118,35,-17
2011-02-23,160,59,3
2011-02-24,170,27,51
2011-02-25,180,43,76
2011-02-26,205,36,75
2011-02-27,318,87,47
2011-02-28,34,45,28
2011-03-01,38,59,25
2011-03-02,51,68,19
2011-03-03,41,56,7
2011-03-04,39,38,0
2011-03-05,12,24,29
2011-03-06,38,47,34
2011-03-07,110,39,26
2011-03-08,188,36,31
2011-03-09,243,73,61
2011-03-10,236,98,77
2011-03-11,247,53,65
2011-03-12,157,38,85
2011-03-13,170,39,106
2011-03-14,51,20,103
2011-03-15,74,59,108
2011-03-16,64,74,71
2011-03-17,343,32,54
2011-03-18,305,18,63
2011-03-19,342,18,47
2011-03-20,217,12,48
2011-03-21,18,6-4
-2011-03-22,312,16,79
2011-03-23,43,18,81
2011-03-24,46,19,94
2011-03-25,4,22,93
2011-03-26,46,33,53
2011-03-27,64,26,55
2011-03-28,331,23,49
2011-03-29,176,3,67
2011-03-30,206,35,93
2011-03-31,226,79,108
2011-04-01,229,63,118
2011-04-02,183,41,147
2011-04-03,251,25,107
2011-04-04,241,56,97
2011-04-05,220,79,98
2011-04-06,244,57,134
2011-04-07,298,46,108
2011-04-08,297,34,92
2011-04-09,24,31,100
2011-04-10,56,30,112
2011-04-11,273,31,122
2011-04-12,309,74,79
2011-04-13,276,35,84
2011-04-14,274,6,90
2011-04-15,73,4,101
2011-04-16,291,12,104
2011-04-17,37,21,118
2011-04-18,97,28,136
2011-04-19,104,18,161
2011-04-20,69,29,173
2011-04-21,81,22,175
2011-04-22,87,30,194
2011-04-23,50,37,187
2011-04-24,3,19,179
2011-04-25,38,34,168
2011-04-26,30,51,144
2011-04-27,4,60,119
2011-04-28,47,34,143
2011-04-29,60,62,167
2011-04-30,60,81,151
2011-05-01,64,84,132
2011-05-02,55,82,107
2011-05-03,50,50,86
2011-05-04,349,28,85
2011-05-05,111,20,111
2011-05-06,130,29,159
2011-05-07,131,50,206
2011-05-08,136,18,203
2011-05-09,8,16,156
2011-05-10,346,17,160
2011-05-11,270,28,142
2011-05-12,255,46,133
2011-05-13,248,30,135
2011-05-14,273,55,120
2011-05-15,282,53,115
2011-05-16,249,72,133
2011-05-17,249,50,136
2011-05-18,227,51,142
2011-05-19,4,19,130
2011-05-20,250,22,136
2011-05-21,163,16,158
2011-05-22,234,64,147
2011-05-23,224,63,157
2011-05-24,260,71,134
2011-05-25,153,29,157
2011-05-26,218,75,145
2011-05-27,278,63,122
2011-05-28,223,75,130
2011-05-29,231,80,156
2011-05-30,204,25,183
2011-05-31,311,48,129
2011-06-01,319,24,136
2011-06-02,37,39,164
2011-06-03,47,68,184
2011-06-04,39,72,200
2011-06-05,28,47,161
2011-06-06,349,26,149
2011-06-07,232,9,153
2011-06-08,249,57,143
2011-06-09,239,46,145
2011-06-10,224,11,134
2011-06-11,233,37,121
2011-06-12,177,35,145
2011-06-13,208,54,158
2011-06-14,309,21,160
2011-06-15,221,23,169
2011-06-16,232,45,155
2011-06-17,185,36,149
2011-06-18,229,86,147
2011-06-19,267,75,140
2011-06-20,241,22,154
2011-06-21,230,66,171
2011-06-22,220,63,152
2011-06-23,248,66,155
2011-06-24,274,44,143
2011-06-25,222,52,147
2011-06-26,210,17,197
2011-06-27,131,41,247
2011-06-28,129,20,242
2011-06-29,307,48,161
2011-06-30,301,39,150
2011-07-01,318,50,142
2011-07-02,321,44,139
2011-07-03,329,45,147
2011-07-04,24,30,156
2011-07-05,104,22,182
2011-07-06,221,45,175
2011-07-07,182,38,182
2011-07-08,196,53,176
2011-07-09,224,53,168
2011-07-10,254,24,166
2011-07-11,333,14,182
2011-07-12,31,66,179
2011-07-13,344,64,135
2011-07-14,287,102,145
2011-07-15,275,44,174
2011-07-16,183,55,163
2011-07-17,203,77,158
2011-07-18,206,80,149
2011-07-19,233,19,161
2011-07-20,313,20,171
2011-07-21,30,27,165
2011-07-22,324,52,150
2011-07-23,282,78,136
2011-07-24,281,81,129
2011-07-25,253,15,146
2011-07-26,273,28,153
2011-07-27,80,18,173
2011-07-28,18,32,184
2011-07-29,323,39,152
2011-07-30,321,34,146
2011-07-31,298,19,145
2011-08-01,114,15,160
2011-08-02,105,14,210
2011-08-03,332,18,188
2011-08-04,207,34,191
2011-08-05,253,34,185
2011-08-06,207,10,180
2011-08-07,223,69,168
2011-08-08,255,61,156
2011-08-09,303,73,144
2011-08-10,228,65,155
2011-08-11,234,88,174
2011-08-12,286,30,169
2011-08-13,188,31,171
2011-08-14,245,38,175
2011-08-15,279,23,162
2011-08-16,220,39,176
2011-08-17,309,20,169
2011-08-18,41,34,158
2011-08-19,285,38,154
2011-08-20,208,17,170
2011-08-21,211,27,194
2011-08-22,336,15,178
2011-08-23,161,16,189
2011-08-24,230,32,176
2011-08-25,169,18,173
2011-08-26,169,30,178
2011-08-27,224,42,144
2011-08-28,222,59,143
2011-08-29,279,57,133
2011-08-30,255,22,135
2011-08-31,298,21,140
2011-09-01,27,6,129
2011-09-02,164,16,172
2011-09-03,163,26,211
2011-09-04,215,34,184
2011-09-05,219,81,155
2011-09-06,207,100,152
2011-09-07,257,96,155
2011-09-08,256,68,151
2011-09-09,224,39,177
2011-09-10,167,38,206
2011-09-11,210,54,167
2011-09-12,216,103,169
2011-09-13,243,87,158
2011-09-14,253,71,145
2011-09-15,321,18,139
2011-09-16,112,33,140
2011-09-17,203,56,148
2011-09-18,207,32,118
2011-09-19,229,41,131
2011-09-20,208,58,156
2011-09-21,210,59,156
2011-09-22,262,54,145
2011-09-23,231,26,136
2011-09-24,154,13,139
2011-09-25,190,25,159
2011-09-26,226,29,169
2011-09-27,175,10,163
2011-09-28,106,23,169
2011-09-29,127,29,188
2011-09-30,131,20,178
2011-10-01,93,5,174
2011-10-02,214,15,171
2011-10-03,213,48,181
2011-10-04,249,68,173
2011-10-05,233,87,173
2011-10-06,255,93,138
2011-10-07,304,71,111
2011-10-08,326,42,104
2011-10-09,212,46,122
2011-10-10,245,103,171
2011-10-11,255,86,157
2011-10-12,54,14,113
2011-10-13,40,18,101
2011-10-14,102,27,90
2011-10-15,118,36,78
2011-10-16,161,28,81
2011-10-17,198,55,121
2011-10-18,248,82,114
2011-10-19,276,47,91
2011-10-20,265,21,77
2011-10-21,179,40,74
2011-10-22,149,47,64
2011-10-23,137,53,84
2011-10-24,117,73,94
2011-10-25,121,64,100
2011-10-26,167,51,103
2011-10-27,129,48,109
2011-10-28,146,13,121
2011-10-29,180,26,124
2011-10-30,199,44,130
2011-10-31,160,40,132
2011-11-01,175,36,126
2011-11-02,138,37,112
2011-11-03,141,53,142
2011-11-04,151,58,147
2011-11-05,67,9,128
2011-11-06,11,45,116
2011-11-07,59,59,101
2011-11-08,99,41,89
2011-11-09,119,25,88
2011-11-10,91,34,71
2011-11-11,125,58,74
2011-11-12,132,27,66
2011-11-13,86,27,55
2011-11-14,84,27,29
2011-11-15,71,39,16
2011-11-16,101,29,21
2011-11-17,168,27,36
2011-11-18,166,30,67
2011-11-19,88,10,44
2011-11-20,78,2,38
2011-11-21,91,15,23
2011-11-22,118,9,46
2011-11-23,221,19,84
2011-11-24,197,51,83
2011-11-25,239,59,94
2011-11-26,228,69,95
2011-11-27,251,80,102
2011-11-28,185,40,53
2011-11-29,188,69,76
2011-11-30,207,49,77
2011-12-01,192,45,89
2011-12-02,249,30,64
2011-12-03,236,82,87
2011-12-04,265,78,84
2011-12-05,274,94,60
2011-12-06,262,74,55
2011-12-07,271,107,69
2011-12-08,228,85,74
2011-12-09,268,97,62
2011-12-10,259,49,48
2011-12-11,181,52,41
2011-12-12,218,55,66
2011-12-13,210,103,77
2011-12-14,208,79,50
2011-12-15,217,77,50
2011-12-16,16,30,41
2011-12-17,293,41,45
2011-12-18,300,29,26
2011-12-19,195,50,21
2011-12-20,291,54,61
2011-12-21,231,30,61
2011-12-22,267,45,94
2011-12-23,222,58,90
2011-12-24,281,51,64
2011-12-25,237,89,97
2011-12-26,235,79,113
2011-12-27,221,49,89
2011-12-28,216,79,69
2011-12-29,266,102,70
2011-12-30,293,59,51
2011-12-31,223,44,83
2012-01-01,226,74,113
2012-01-02,61,7-3
-2012-01-03,221,111,73
2012-01-04,258,112,73
2012-01-05,292,124,72
2012-01-06,304,70,67
2012-01-07,281,87,79
2012-01-08,301,61,72
2012-01-09,271,54,80
2012-01-10,241,34,68
2012-01-11,249,60,87
2012-01-12,268,79,79
2012-01-13,321,56,55
2012-01-14,323,22,40
2012-01-15,65,15,20
2012-01-16,98,18,-2
2012-01-17,181,24,-7
2012-01-18,204,56,31
2012-01-19,268,55,67
2012-01-20,288,69,47
2012-01-21,268,99,78
2012-01-22,278,98,68
2012-01-23,284,57,53
2012-01-24,227,18,34
2012-01-25,142,51,45
2012-01-26,153,60,50
2012-01-27,195,38,33
2012-01-28,89,19,30
2012-01-29,59,41,-5
2012-01-30,86,32,-17
2012-01-31,64,65,-36
2012-02-01,60,87,-40
2012-02-02,58,68,-55
2012-02-03,141,18,-69
2012-02-04,155,13,-115
2012-02-05,148,42,-67
2012-02-06,111,20,-71
2012-02-07,49,51,-77
2012-02-08,56,65,-32
2012-02-09,26,27,-43
2012-02-10,69,45,-57
2012-02-11,68,28,-71
2012-02-12,204,24,-32
2012-02-13,294,25,27
2012-02-14,317,58,48
2012-02-15,326,83,56
2012-02-16,275,38,56
2012-02-17,263,46,67
2012-02-18,232,76,68
2012-02-19,301,61,28
2012-02-20,220,55,27
2012-02-21,229,69,67
2012-02-22,218,87,71
2012-02-23,245,69,97
2012-02-24,253,52,77
2012-02-25,293,41,56
2012-02-26,302,34,64
2012-02-27,230,48,65
2012-02-28,255,40,86
2012-02-29,244,36,78
2012-03-01,271,17,85
2012-03-02,61,30,74
2012-03-03,172,32,90
2012-03-04,148,33,69
2012-03-05,113,48,59
2012-03-06,159,17,61
2012-03-07,209,43,44
2012-03-08,290,45,56
2012-03-09,223,55,74
2012-03-10,272,36,89
2012-03-11,305,36,77
2012-03-12,324,23,74
2012-03-13,336,19,78
2012-03-14,347,7,62
2012-03-15,148,21,79
2012-03-16,235,41,80
2012-03-17,204,39,89
2012-03-18,261,33,64
2012-03-19,266,33,50
2012-03-20,238,41,74
2012-03-21,95,5,94
2012-03-22,56,45,117
2012-03-23,47,31,118
2012-03-24,33,30,103
2012-03-25,36,36,92
2012-03-26,29,31,101
2012-03-27,336,22,103
2012-03-28,303,26,97
2012-03-29,317,51,84
2012-03-30,316,60,83
2012-03-31,332,59,68
2012-04-01,288,41,54
2012-04-02,266,23,80
2012-04-03,257,6,89
2012-04-04,58,50,70
2012-04-05,53,47,55
2012-04-06,299,31,54
2012-04-07,347,37,51
2012-04-08,208,36,65
2012-04-09,215,70,90
2012-04-10,218,60,96
2012-04-11,223,39,81
2012-04-12,287,16,75
2012-04-13,32,2,70
2012-04-14,347,34,74
2012-04-15,4,62,66
2012-04-16,333,37,53
2012-04-17,182,73,50
2012-04-18,163,69,81
2012-04-19,168,61,86
2012-04-20,182,41,80
2012-04-21,218,38,77
2012-04-22,231,56,94
2012-04-23,172,46,95
2012-04-24,229,18,90
2012-04-25,162,68,98
2012-04-26,191,85,114
2012-04-27,212,44,124
2012-04-28,42,75,97
2012-04-29,63,31,121
2012-04-30,57,45,156
2012-05-01,20,17,135
2012-05-02,14,27,139
2012-05-03,197,31,122
2012-05-04,272,33,93
2012-05-05,38,52,88
2012-05-06,47,49,89
2012-05-07,128,34,105
2012-05-08,171,34,128
2012-05-09,214,38,151
2012-05-10,211,68,177
2012-05-11,259,70,132
2012-05-12,324,42,89
2012-05-13,241,26,96
2012-05-14,234,54,109
2012-05-15,310,48,95
2012-05-16,306,60,81
2012-05-17,143,20,107
2012-05-18,131,25,134
2012-05-19,275,9,144
2012-05-20,11,30,155
2012-05-21,2,37,185
2012-05-22,360,27,204
2012-05-23,299,11,216
2012-05-24,55,36,216
2012-05-25,64,69,203
2012-05-26,68,49,201
2012-05-27,42,34,203
2012-05-28,314,35,158
2012-05-29,329,28,132
2012-05-30,280,22,150
2012-05-31,269,40,138
2012-06-01,319,35,122
2012-06-02,21,20,120
2012-06-03,80,21,92
2012-06-04,356,27,89
2012-06-05,202,13,117
2012-06-06,203,33,139
2012-06-07,184,34,160
2012-06-08,209,88,153
2012-06-09,224,82,129
2012-06-10,251,10,146
2012-06-11,71,31,154
2012-06-12,16,43,131
2012-06-13,310,35,117
2012-06-14,49,16,130
2012-06-15,171,43,148
2012-06-16,229,65,163
2012-06-17,241,65,163
2012-06-18,288,19,144
2012-06-19,348,7,153
2012-06-20,35,45,177
2012-06-21,125,39,177
2012-06-22,218,103,157
2012-06-23,234,76,159
2012-06-24,236,57,136
2012-06-25,282,60,139
2012-06-26,288,15,164
2012-06-27,256,38,181
2012-06-28,151,34,221
2012-06-29,224,50,188
2012-06-30,218,49,185
2012-07-01,231,72,156
2012-07-02,167,39,171
2012-07-03,189,12,189
2012-07-04,136,26,218
2012-07-05,14,15,220
2012-07-06,187,33,192
2012-07-07,180,31,185
2012-07-08,227,32,168
2012-07-09,244,60,165
2012-07-10,231,55,165
2012-07-11,237,63,154
2012-07-12,253,44,144
2012-07-13,213,49,156
2012-07-14,260,30,148
2012-07-15,269,34,146
2012-07-16,241,66,156
2012-07-17,259,54,170
2012-07-18,234,83,166
2012-07-19,271,66,150
2012-07-20,313,32,147
2012-07-21,328,26,137
2012-07-22,205,8,158
2012-07-23,182,26,199
2012-07-24,80,15,218
2012-07-25,357,27,220
2012-07-26,49,40,205
2012-07-27,347,19,204
2012-07-28,349,25,179
2012-07-29,246,40,163
2012-07-30,239,61,155
2012-07-31,194,35,153
2012-08-01,145,35,201
2012-08-02,234,49,179
2012-08-03,221,30,182
2012-08-04,214,23,178
2012-08-05,151,7,177
2012-08-06,230,58,173
2012-08-07,247,55,166
2012-08-08,235,28,169
2012-08-09,40,21,163
2012-08-10,45,14,165
2012-08-11,66,26,165
2012-08-12,101,51,193
2012-08-13,112,26,191
2012-08-14,86,10,208
2012-08-15,118,19,222
2012-08-16,236,21,188
2012-08-17,155,40,219
2012-08-18,149,27,244
2012-08-19,195,16,249
2012-08-20,279,29,203
2012-08-21,248,20,200
2012-08-22,249,63,182
2012-08-23,257,21,175
2012-08-24,163,11,182
2012-08-25,207,64,172
2012-08-26,283,43,160
2012-08-27,151,39,172
2012-08-28,219,33,179
2012-08-29,209,34,179
2012-08-30,204,39,158
2012-08-31,342,57,137
2012-09-01,233,27,152
2012-09-02,225,30,162
2012-09-03,326,10,172
2012-09-04,278,22,178
2012-09-05,340,35,156
2012-09-06,259,24,149
2012-09-07,250,41,171
2012-09-08,273,5,183
2012-09-09,163,21,199
2012-09-10,221,52,189
2012-09-11,252,43,156
2012-09-12,251,38,130
2012-09-13,299,14,137
2012-09-14,264,63,153
2012-09-15,250,36,141
2012-09-16,213,47,150
2012-09-17,236,47,168
2012-09-18,254,43,132
2012-09-19,271,30,100
2012-09-20,204,40,114
2012-09-21,209,31,130
2012-09-22,329,27,108
2012-09-23,83,47,96
2012-09-24,177,63,139
2012-09-25,183,66,134
2012-09-26,171,62,133
2012-09-27,229,30,122
2012-09-28,211,63,136
2012-09-29,261,51,129
2012-09-30,215,51,124
2012-10-01,202,60,142
2012-10-02,198,54,140
2012-10-03,201,73,129
2012-10-04,233,47,118
2012-10-05,237,62,126
2012-10-06,304,22,103
2012-10-07,312,19,93
2012-10-08,131,19,91
2012-10-09,337,19,93
2012-10-10,91,5,96
2012-10-11,111,46,95
2012-10-12,215,47,114
2012-10-13,189,44,90
2012-10-14,216,54,89
2012-10-15,227,40,102
2012-10-16,202,75,110
2012-10-17,166,59,117
2012-10-18,168,28,142
2012-10-19,160,26,163
2012-10-20,233,11,143
2012-10-21,39,51,126
2012-10-22,66,20,152
2012-10-23,66,30,140
2012-10-24,65,34,121
2012-10-25,11,32,108
2012-10-26,50,42,59
2012-10-27,6,40,43
2012-10-28,197,46,57
2012-10-29,200,63,81
2012-10-30,203,24,69
2012-10-31,170,61,80
2012-11-01,182,64,79
2012-11-02,205,78,68
2012-11-03,204,48,65
2012-11-04,177,40,58
2012-11-05,293,22,67
2012-11-06,266,57,77
2012-11-07,258,61,104
2012-11-08,251,64,106
2012-11-09,178,42,90
2012-11-10,176,40,98
2012-11-11,221,43,81
2012-11-12,188,52,65
2012-11-13,188,49,91
2012-11-14,109,18,85
2012-11-15,143,24,35
2012-11-16,164,33,38
2012-11-17,179,44,54
2012-11-18,303,9,59
2012-11-19,163,35,46
2012-11-20,164,60,93
2012-11-21,179,54,67
2012-11-22,178,64,74
2012-11-23,182,50,59
2012-11-24,109,31,44
2012-11-25,212,104,100
2012-11-26,158,46,77
2012-11-27,155,24,63
2012-11-28,353,30,59
2012-11-29,348,30,35
2012-11-30,217,20,23
2012-12-01,217,38,39
2012-12-02,308,23,33
2012-12-03,222,40,35
2012-12-04,285,53,51
2012-12-05,284,16,13
2012-12-06,204,25,8
2012-12-07,136,58,5
2012-12-08,210,19,-10
2012-12-09,276,81,62
2012-12-10,350,59,33
2012-12-11,295,15,5
2012-12-12,255,37,23
2012-12-13,129,31,-10
2012-12-14,147,64,49
2012-12-15,196,66,79
2012-12-16,204,51,68
2012-12-17,196,36,61
2012-12-18,187,13,53
2012-12-19,116,31,53
2012-12-20,114,74,33
2012-12-21,140,28,51
2012-12-22,169,45,71
2012-12-23,100,-10-9
2012-12-24,204,57,96
2012-12-25,223,64,84
2012-12-26,228,71,77
2012-12-27,242,32,72
2012-12-28,175,50,67
2012-12-29,193,85,106
2012-12-30,226,101,81
2012-12-31,207,112,94
2013-01-01,262,54,71
2013-01-02,242,51,68
2013-01-03,255,63,101
2013-01-04,273,58,91
2013-01-05,268,37,81
2013-01-06,281,36,80
2013-01-07,220,46,71
2013-01-08,222,53,77
2013-01-09,257,29,67
2013-01-10,304,25,54
2013-01-11,199,8,6
2013-01-12,107,31,4
2013-01-13,64,38,-14
2013-01-14,137,33,-31
2013-01-15,49,36,-25
2013-01-16,38,14,-53
2013-01-17,111,13,-46
2013-01-18,96,47,-15
2013-01-19,81,69,-39
2013-01-20,78,78,-47
2013-01-21,99,42,-21
2013-01-22,74,30,-42
2013-01-23,67,34,-45
2013-01-24,59,21,-37
2013-01-25,159,33,-46
2013-01-26,182,62,-14
2013-01-27,197,71,32
2013-01-28,206,69,49
2013-01-29,234,107,105
2013-01-30,241,116,98
2013-01-31,241,111,76
2013-02-01,248,37,49
2013-02-02,337,57,41
2013-02-03,253,71,49
2013-02-04,258,91,78
2013-02-05,246,70,34
2013-02-06,3,30,24
2013-02-07,325,46,22
2013-02-08,350,28,9
2013-02-09,164,23,-2
2013-02-10,139,58,-5
2013-02-11,90,70,-16
2013-02-12,65,48,-5
2013-02-13,137,27,-8
2013-02-14,163,65,-6
2013-02-15,257,28,43
2013-02-16,296,12,55
2013-02-17,90,26,33
2013-02-18,24,6,24
2013-02-19,12,18,33
2013-02-20,67,55,3
2013-02-21,57,53,-5
2013-02-22,58,62,-11
2013-02-23,42,67,-8
2013-02-24,25,63,5
2013-02-25,38,63,20
2013-02-26,52,50,26
2013-02-27,52,48,10
2013-02-28,40,32,17
2013-03-01,14,38,36
2013-03-02,330,21,31
2013-03-03,21,8,43
2013-03-04,116,41,47
2013-03-05,148,43,87
2013-03-06,87,26,108
2013-03-07,77,43,83
2013-03-08,70,48,81
2013-03-09,55,37,37
2013-03-10,40,63,2
2013-03-11,52,88,-17
2013-03-12,45,67,-20
2013-03-13,301,18,2
2013-03-14,359,21,-2
2013-03-15,174,61,9
2013-03-16,160,79,49
2013-03-17,135,56,55
2013-03-18,189,25,53
2013-03-19,78,43,31
2013-03-20,47,51,9
2013-03-21,48,17,6
2013-03-22,85,77,5
2013-03-23,86,100,0
2013-03-24,80,102,-5
2013-03-25,69,93,3
2013-03-26,68,77,6
2013-03-27,73,58,12
2013-03-28,49,55,1
2013-03-29,28,26,1
2013-03-30,17,36,8
2013-03-31,51,36,18
2013-04-01,50,58,28
2013-04-02,48,70,39
2013-04-03,67,76,38
2013-04-04,63,65,31
2013-04-05,41,70,42
2013-04-06,32,48,48
2013-04-07,359,10,37
2013-04-08,67,50,60
2013-04-09,102,35,68
2013-04-10,271,24,53
2013-04-11,232,20,60
2013-04-12,216,45,74
2013-04-13,217,45,94
2013-04-14,165,61,155
2013-04-15,227,39,120
2013-04-16,222,64,113
2013-04-17,196,48,143
2013-04-18,234,121,118
2013-04-19,299,36,77
2013-04-20,36,52,66
2013-04-21,317,15,72
2013-04-22,223,44,88
2013-04-23,253,49,109
2013-04-24,233,38,121
2013-04-25,219,33,144
2013-04-26,342,39,73
2013-04-27,7,38,64
2013-04-28,245,23,70
2013-04-29,245,59,83
2013-04-30,27,33,84
2013-05-01,43,50,99
2013-05-02,40,63,112
2013-05-03,352,14,123
2013-05-04,242,67,117
2013-05-05,230,9,123
2013-05-06,349,25,152
2013-05-07,57,41,166
2013-05-08,200,38,157
2013-05-09,234,49,123
2013-05-10,227,90,126
2013-05-11,220,70,106
2013-05-12,250,58,94
2013-05-13,241,74,112
2013-05-14,193,40,97
2013-05-15,198,50,112
2013-05-16,4,28,93
2013-05-17,313,35,90
2013-05-18,250,28,100
2013-05-19,11,31,109
2013-05-20,252,14,108
2013-05-21,329,44,97
2013-05-22,319,66,90
2013-05-23,303,45,74
2013-05-24,184,17,75
2013-05-25,328,50,85
2013-05-26,324,67,94
2013-05-27,280,26,124
2013-05-28,89,35,160
2013-05-29,269,35,116
2013-05-30,38,18,134
2013-05-31,341,56,139
2013-06-01,335,59,103
2013-06-02,327,43,114
2013-06-03,8,47,107
2013-06-04,19,43,145
2013-06-05,31,42,157
2013-06-06,28,47,164
2013-06-07,26,49,161
2013-06-08,32,66,136
2013-06-09,25,58,124
2013-06-10,344,30,124
2013-06-11,183,13,157
2013-06-12,207,45,176
2013-06-13,234,98,158
2013-06-14,235,40,151
2013-06-15,226,80,145
2013-06-16,247,47,143
2013-06-17,52,49,169
2013-06-18,29,8,217
2013-06-19,3,31,209
2013-06-20,62,25,190
2013-06-21,233,63,157
2013-06-22,209,87,156
2013-06-23,234,85,151
2013-06-24,284,51,132
2013-06-25,321,36,133
2013-06-26,284,36,133
2013-06-27,289,42,126
2013-06-28,257,50,141
2013-06-29,316,44,138
2013-06-30,237,56,169
2013-07-01,254,52,156
2013-07-02,168,29,169
2013-07-03,222,37,162
2013-07-04,232,46,177
2013-07-05,300,20,181
2013-07-06,62,30,194
2013-07-07,38,37,196
2013-07-08,39,53,192
2013-07-09,33,41,183
2013-07-10,7,45,161
2013-07-11,350,43,150
2013-07-12,334,33,153
2013-07-13,350,24,167
2013-07-14,25,14,167
2013-07-15,329,20,189
2013-07-16,334,17,193
2013-07-17,36,27,205
2013-07-18,34,39,209
2013-07-19,36,46,207
2013-07-20,36,36,191
2013-07-21,61,32,233
2013-07-22,33,19,253
2013-07-23,311,18,241
2013-07-24,259,34,203
2013-07-25,230,10,209
2013-07-26,35,12,212
2013-07-27,117,8,214
2013-07-28,210,46,203
2013-07-29,224,53,202
2013-07-30,226,57,176
2013-07-31,50,1-95-
2013-08-01,157,34,246
2013-08-02,156,11,245
2013-08-03,235,58,197
2013-08-04,253,10,196
2013-08-05,198,17,217
2013-08-06,283,32,184
2013-08-07,41,44,162
2013-08-08,330,32,172
2013-08-09,217,35,181
2013-08-10,281,53,164
2013-08-11,246,43,176
2013-08-12,263,44,169
2013-08-13,287,52,155
2013-08-14,296,15,166
2013-08-15,194,37,168
2013-08-16,221,30,192
2013-08-17,212,51,200
2013-08-18,228,54,187
2013-08-19,303,30,165
2013-08-20,219,8,166
2013-08-21,213,11,177
2013-08-22,269,10,179
2013-08-23,65,27,204
2013-08-24,129,36,191
2013-08-25,55,30,186
2013-08-26,47,48,188
2013-08-27,38,30,187
2013-08-28,25,25,183
2013-08-29,265,24,176
2013-08-30,227,39,181
2013-08-31,316,41,167
2013-09-01,272,52,154
2013-09-02,277,62,174
2013-09-03,293,18,194
2013-09-04,77,27,199
2013-09-05,138,31,230
2013-09-06,237,16,193
2013-09-07,203,12,173
2013-09-08,193,8,145
2013-09-09,211,37,130
2013-09-10,292,50,135
2013-09-11,327,49,152
2013-09-12,310,29,152
2013-09-13,186,42,147
2013-09-14,287,14,151
2013-09-15,225,60,132
2013-09-16,255,68,121
2013-09-17,223,49,114
2013-09-18,280,29,114
2013-09-19,228,49,127
2013-09-20,289,42,136
2013-09-21,204,32,145
2013-09-22,245,34,163
2013-09-23,263,30,161
2013-09-24,87,10,149
2013-09-25,336,12,149
2013-09-26,47,28,132
2013-09-27,79,35,110
2013-09-28,80,56,124
2013-09-29,81,70,124
2013-09-30,85,61,114
2013-10-01,82,51,106
2013-10-02,109,64,107
2013-10-03,125,61,127
2013-10-04,181,53,159
2013-10-05,311,18,146
2013-10-06,270,9,125
2013-10-07,182,14,123
2013-10-08,224,31,149
2013-10-09,275,49,130
2013-10-10,314,20,93
2013-10-11,87,11,90
2013-10-12,46,10,91
2013-10-13,142,85,85
2013-10-14,148,49,102
2013-10-15,219,20,91
2013-10-16,180,31,103
2013-10-17,264,69,128
2013-10-18,117,29,113
2013-10-19,167,39,127
2013-10-20,196,53,143
2013-10-21,187,56,145
2013-10-22,164,62,169
2013-10-23,208,73,155
2013-10-24,186,23,113
2013-10-25,164,42,144
2013-10-26,203,64,151
2013-10-27,210,107,143
2013-10-28,221,113,133
2013-10-29,232,72,106
2013-10-30,230,49,102
2013-10-31,195,69,104
2013-11-01,195,62,111
2013-11-02,192,43,106
2013-11-03,233,80,95
2013-11-04,308,27,84
2013-11-05,222,45,74
2013-11-06,248,60,109
2013-11-07,249,48,109
2013-11-08,171,27,79
2013-11-09,241,58,83
2013-11-10,312,19,61
2013-11-11,184,48,66
2013-11-12,216,28,74
2013-11-13,224,21,62
2013-11-14,225,16,75
2013-11-15,9,22,61
2013-11-16,186,28,54
2013-11-17,120,14,74
2013-11-18,192,40,60
2013-11-19,329,15,58
2013-11-20,166,47,28
2013-11-21,56,44,30
2013-11-22,26,41,46
2013-11-23,13,25,53
2013-11-24,3,37,66
2013-11-25,346,33,54
2013-11-26,331,14,56
2013-11-27,238,31,78
2013-11-28,320,22,88
2013-11-29,281,62,76
2013-11-30,333,28,63
2013-12-01,303,21,69
2013-12-02,59,11,42
2013-12-03,202,14,28
2013-12-04,261,33,58
2013-12-05,267,97,61
2013-12-06,309,97,39
2013-12-07,262,45,64
2013-12-08,244,77,90
2013-12-09,249,64,90
2013-12-10,168,30,34
2013-12-11,153,31,14
2013-12-12,169,45,18
2013-12-13,170,43,22
2013-12-14,207,48,63
2013-12-15,198,73,81
2013-12-16,201,79,98
2013-12-17,92,9,62
2013-12-18,178,64,74
2013-12-19,206,54,68
2013-12-20,214,64,60
2013-12-21,197,107,71
2013-12-22,217,87,80
2013-12-23,191,88,77
2013-12-24,194,120,99
2013-12-25,190,50,57
2013-12-26,178,34,51
2013-12-27,186,95,73
2013-12-28,201,55,63
2013-12-29,225,45,47
2013-12-30,180,84,52
2013-12-31,167,72,66
2014-01-01,168,78,68
2014-01-02,191,62,83
2014-01-03,199,91,85
2014-01-04,169,64,76
2014-01-05,194,50,57
2014-01-06,199,90,107
2014-01-07,205,87,101
2014-01-08,212,59,83
2014-01-09,238,80,91
2014-01-10,231,61,69
2014-01-11,249,49,56
2014-01-12,162,30,27
2014-01-13,196,50,61
2014-01-14,159,34,49
2014-01-15,168,62,46
2014-01-16,169,59,73
2014-01-17,176,62,72
2014-01-18,135,47,67
2014-01-19,118,40,58
2014-01-20,26,22,41
2014-01-21,163,6,35
2014-01-22,159,51,31
2014-01-23,179,29,36
2014-01-24,208,7,48
2014-01-25,178,36,41
2014-01-26,233,33,54
2014-01-27,199,58,40
2014-01-28,150,72,44
2014-01-29,90,64,3
2014-01-30,81,39,2
2014-01-31,154,44,27
2014-02-01,185,81,61
2014-02-02,184,64,46
2014-02-03,129,43,40
2014-02-04,161,61,59
2014-02-05,167,86,70
2014-02-06,189,81,72
2014-02-07,215,54,74
2014-02-08,181,89,69
2014-02-09,205,120,56
2014-02-10,168,32,50
2014-02-11,211,59,52
2014-02-12,192,86,55
2014-02-13,211,68,51
2014-02-14,164,68,51
2014-02-15,213,135,95
2014-02-16,238,67,57
2014-02-17,176,38,60
2014-02-18,173,41,63
2014-02-19,229,48,77
2014-02-20,186,67,81
2014-02-21,222,65,67
2014-02-22,213,60,61
2014-02-23,176,69,75
2014-02-24,163,59,78
2014-02-25,172,60,81
2014-02-26,200,40,61
2014-02-27,178,62,48
2014-02-28,105,31,53
2014-03-01,134,26,59
2014-03-02,186,56,61
2014-03-03,149,48,52
2014-03-04,183,16,60
2014-03-05,266,12,59
2014-03-06,183,38,71
2014-03-07,206,36,73
2014-03-08,139,46,91
2014-03-09,163,45,109
2014-03-10,25,28,95
2014-03-11,49,64,83
2014-03-12,56,29,88
2014-03-13,353,15,86
2014-03-14,264,28,63
2014-03-15,290,79,96
2014-03-16,281,67,102
2014-03-17,271,60,101
2014-03-18,248,71,94
2014-03-19,249,82,101
2014-03-20,207,65,125
2014-03-21,238,51,77
2014-03-22,207,61,65
2014-03-23,245,37,56
2014-03-24,333,19,52
2014-03-25,72,27,59
2014-03-26,344,7,47
2014-03-27,76,52,85
2014-03-28,80,49,107
2014-03-29,93,35,117
2014-03-30,88,23,135
2014-03-31,94,31,146
2014-04-01,260,12,128
2014-04-02,50,33,129
2014-04-03,57,18,144
2014-04-04,257,29,121
2014-04-05,233,25,121
2014-04-06,204,47,132
2014-04-07,194,43,148
2014-04-08,270,83,90
2014-04-09,263,59,103
2014-04-10,267,19,116
2014-04-11,334,28,103
2014-04-12,250,37,97
2014-04-13,279,57,103
2014-04-14,317,88,87
2014-04-15,356,43,68
2014-04-16,138,27,88
2014-04-17,243,45,107
2014-04-18,344,54,80
2014-04-19,54,54,106
2014-04-20,71,67,155
2014-04-21,65,42,122
2014-04-22,155,15,131
2014-04-23,54,7,140
2014-04-24,24,20,144
2014-04-25,73,30,166
2014-04-26,195,18,136
2014-04-27,103,20,117
2014-04-28,53,22,131
2014-04-29,304,19,129
2014-04-30,284,27,115
2014-05-01,52,11,127
2014-05-02,19,58,99
2014-05-03,357,33,84
2014-05-04,300,6,88
2014-05-05,137,34,129
2014-05-06,226,53,144
2014-05-07,75,1-35-
2014-05-08,235,69,126
2014-05-09,241,81,126
2014-05-10,215,78,117
2014-05-11,241,96,108
2014-05-12,271,53,110
2014-05-13,329,32,105
2014-05-14,329,37,101
2014-05-15,8,25,105
2014-05-16,2,20,127
2014-05-17,359,17,148
2014-05-18,86,23,169
2014-05-19,80,31,187
2014-05-20,172,30,198
2014-05-21,142,18,179
2014-05-22,182,42,178
2014-05-23,165,24,164
2014-05-24,167,39,159
2014-05-25,333,4,156
2014-05-26,49,36,164
2014-05-27,50,11,159
2014-05-28,65,14,133
2014-05-29,80,44,105
2014-05-30,67,30,127
2014-05-31,340,24,135
2014-06-01,317,23,137
2014-06-02,336,4,141
2014-06-03,214,17,153
2014-06-04,180,29,150
2014-06-05,224,67,127
2014-06-06,141,15,164
2014-06-07,33,11,199
2014-06-08,39,20,193
2014-06-09,64,17,219
2014-06-10,228,31,191
2014-06-11,281,30,166
2014-06-12,325,21,172
2014-06-13,323,38,172
2014-06-14,351,46,157
2014-06-15,350,38,152
2014-06-16,340,48,150
2014-06-17,349,47,150
2014-06-18,335,36,156
2014-06-19,313,43,141
2014-06-20,320,44,137
2014-06-21,284,33,155
2014-06-22,318,34,149
2014-06-23,342,18,159
2014-06-24,4,28,161
2014-06-25,338,31,146
2014-06-26,346,15,166
2014-06-27,233,23,169
2014-06-28,254,34,165
2014-06-29,295,35,156
2014-06-30,306,33,139
2014-07-01,321,33,148
2014-07-02,298,18,152
2014-07-03,229,38,189
2014-07-04,185,45,220
2014-07-05,215,49,193
2014-07-06,193,41,183
2014-07-07,268,15,174
2014-07-08,324,47,150
2014-07-09,328,75,156
2014-07-10,357,21,213
2014-07-11,281,18,197
2014-07-12,275,28,187
2014-07-13,238,30,188
2014-07-14,258,42,178
2014-07-15,232,31,173
2014-07-16,286,5,197
2014-07-17,54,15,220
2014-07-18,87,37,250
2014-07-19,121,26,264
2014-07-20,308,19,213
2014-07-21,332,45,194
2014-07-22,31,50,225
2014-07-23,53,60,235
2014-07-24,60,54,221
2014-07-25,47,26,190
2014-07-26,298,26,204
2014-07-27,299,25,198
2014-07-28,30,39,195
2014-07-29,5,44,207
2014-07-30,293,34,177
2014-07-31,220,28,195
2014-08-01,11,1-99-
2014-08-02,137,23,212
2014-08-03,256,28,197
2014-08-04,274,29,183
2014-08-05,226,8,187
2014-08-06,156,49,181
2014-08-07,215,3,195
2014-08-08,111,38,191
2014-08-09,230,60,189
2014-08-10,181,48,186
2014-08-11,226,88,178
2014-08-12,220,75,164
2014-08-13,228,56,170
2014-08-14,253,39,164
2014-08-15,307,27,158
2014-08-16,257,50,163
2014-08-17,242,73,160
2014-08-18,267,67,142
2014-08-19,260,50,130
2014-08-20,263,23,125
2014-08-21,218,43,137
2014-08-22,224,47,133
2014-08-23,259,35,123
2014-08-24,254,29,129
2014-08-25,105,28,131
2014-08-26,63,49,141
2014-08-27,91,19,148
2014-08-28,178,37,167
2014-08-29,222,60,172
2014-08-30,229,56,166
2014-08-31,291,32,149
2014-09-01,276,11,156
2014-09-02,54,24,174
2014-09-03,75,37,172
2014-09-04,76,31,180
2014-09-05,37,8,185
2014-09-06,288,25,176
2014-09-07,291,27,171
2014-09-08,307,21,147
2014-09-09,336,23,152
2014-09-10,4,28,144
2014-09-11,25,38,162
2014-09-12,30,41,166
2014-09-13,31,44,172
2014-09-14,38,33,165
2014-09-15,66,24,172
2014-09-16,72,18,186
2014-09-17,79,24,190
2014-09-18,88,23,194
2014-09-19,42,6,186
2014-09-20,329,21,179
2014-09-21,341,52,159
2014-09-22,328,49,141
2014-09-23,210,27,136
2014-09-24,243,31,136
2014-09-25,248,55,149
2014-09-26,252,40,163
2014-09-27,165,18,156
2014-09-28,103,20,163
2014-09-29,177,26,163
2014-09-30,232,32,157
2014-10-01,214,30,162
2014-10-02,48,12,161
2014-10-03,146,22,156
2014-10-04,140,20,155
2014-10-05,17,24,131
2014-10-06,141,42,136
2014-10-07,195,76,125
2014-10-08,171,58,128
2014-10-09,197,67,146
2014-10-10,194,47,136
2014-10-11,169,26,118
2014-10-12,103,25,128
2014-10-13,150,33,144
2014-10-14,178,58,123
2014-10-15,229,26,137
2014-10-16,200,41,143
2014-10-17,205,35,146
2014-10-18,168,55,174
2014-10-19,225,67,169
2014-10-20,250,72,150
2014-10-21,262,65,118
2014-10-22,309,67,104
2014-10-23,201,51,125
2014-10-24,184,61,119
2014-10-25,221,33,121
2014-10-26,200,48,126
2014-10-27,184,43,128
2014-10-28,182,48,91
2014-10-29,110,10,114
2014-10-30,150,32,128
2014-10-31,163,35,131
2014-11-01,183,37,144
2014-11-02,191,67,142
2014-11-03,184,72,121
2014-11-04,176,35,87
2014-11-05,152,18,65
2014-11-06,155,26,54
2014-11-07,159,77,78
2014-11-08,173,62,98
2014-11-09,152,48,99
2014-11-10,177,53,95
2014-11-11,122,47,92
2014-11-12,142,38,94
2014-11-13,131,35,84
2014-11-14,126,45,98
2014-11-15,153,18,95
2014-11-16,207,18,86
2014-11-17,105,39,96
2014-11-18,68,43,81
2014-11-19,98,19,81
2014-11-20,101,30,71
2014-11-21,92,40,57
2014-11-22,139,34,83
2014-11-23,158,15,106
2014-11-24,270,21,73
2014-11-25,87,34,51
2014-11-26,107,51,51
2014-11-27,120,41,74
2014-11-28,94,52,65
2014-11-29,97,46,30
2014-11-30,99,28,24
2014-12-01,74,47,15
2014-12-02,53,34,12
2014-12-03,60,49,-1
2014-12-04,89,26,-1
2014-12-05,185,35,37
2014-12-06,282,12,44
2014-12-07,221,48,45
2014-12-08,229,47,47
2014-12-09,196,33,33
2014-12-10,238,82,74
2014-12-11,250,99,73
2014-12-12,230,83,73
2014-12-13,233,30,47
2014-12-14,194,59,27
2014-12-15,219,56,58
2014-12-16,253,42,53
2014-12-17,228,53,84
2014-12-18,234,100,116
2014-12-19,258,100,93
2014-12-20,277,103,78
2014-12-21,232,83,83
2014-12-22,237,135,116
2014-12-23,236,113,111
2014-12-24,255,83,83
2014-12-25,286,56,54
2014-12-26,171,22,27
2014-12-27,64,83,15
2014-12-28,38,27,7
2014-12-29,326,34,47
2014-12-30,282,37,55
2014-12-31,235,40,57
2015-01-01,200,73,35
2015-01-02,262,93,76
2015-01-03,241,39,46
2015-01-04,278,34,35
2015-01-05,188,40,29
2015-01-06,185,30,32
2015-01-07,206,58,42
2015-01-08,226,66,68
2015-01-09,237,119,98
2015-01-10,252,126,92
2015-01-11,267,115,66
2015-01-12,223,116,90
2015-01-13,222,81,83
2015-01-14,215,70,44
2015-01-15,204,103,77
2015-01-16,212,59,51
2015-01-17,208,52,27
2015-01-18,188,31,25
2015-01-19,157,12,2
2015-01-20,172,23,6
2015-01-21,103,35,-3
2015-01-22,58,42,-8
2015-01-23,175,27,-29
2015-01-24,271,31,24
2015-01-25,228,36,45
2015-01-26,281,51,66
